ensemble,param,kbar,seed,kbar_meas,gc,n,m,chordal,ncliques,maxclique,residue,giant,island,ncomp,phi_wheel,giant_wheel,island_wheel,phi_short,giant_short,island_short,merged,merged_mean,sec
rgg,2,4.0,1,3.97,0.214,5000,9925,0,3546,8,0.444,0.1246,314.8036036036036,31,0.0254,0.001,2.5118110236220472,0.157,0.0034,8.327388535031847,0.006,6.7961408160259245,0.9
rgg,2,4.0,2,4.0164,0.0916,5000,10041,0,3419,10,0.3836,0.0482,115.13972888425444,45,0.0222,0.001,2.4414414414414414,0.1634,0.0054,9.604651162790697,0.0106,7.7071199878030185,1.0
rgg,2,4.0,1,4.0244,0.0921,20000,40244,0,13935,9,0.40675,0.05435,307.1730792870313,156,0.0279,0.0006,3.032258064516129,0.16895,0.00205,11.10180526783072,0.00255,7.9341508930951745,3.6
rgg,2,4.0,2,4.0014,0.0642,20000,40014,0,14035,11,0.4273,0.03865,302.7278258834543,130,0.02755,0.00045,3.098003629764065,0.16325,0.00195,10.09709035222052,0.003,7.502667768843466,3.5
rgg,2,4.0,1,4.001,0.0272625,80000,160040,0,56195,9,0.4164125,0.016,347.56800648395523,611,0.0274625,0.000125,2.838871187983614,0.172275,0.0004875,10.457553330430997,0.0007125,7.602827280246635,15.4
rgg,2,4.0,2,4.0089,0.0245125,80000,160356,0,56323,10,0.4175375,0.0134875,300.37077508008264,619,0.027625,0.0001375,2.951131221719457,0.1707875,0.0006375,10.614579521334992,0.0007,7.625570947914513,20.2
rgg,2,5.0,1,4.9696,0.9666,5000,12424,0,3835,10,0.718,0.7148,3558.142618384401,2,0.0494,0.0016,3.437246963562753,0.266,0.0126,16.73233082706767,0.0208,14.933524701616559,1.2
rgg,2,5.0,2,5.036,0.9324,5000,12590,0,3745,10,0.6734,0.6684,3317.257202257202,4,0.0458,0.0024,3.890829694323144,0.2548,0.0088,17.400313971742545,0.0244,17.250195955478915,1.2
rgg,2,5.0,1,5.0291,0.9344,20000,50291,0,15215,9,0.68645,0.67575,13304.571126811858,23,0.05815,0.0007,4.035253654342219,0.2809,0.00465,19.1438234247063,0.00495,15.891126837234621,4.6
rgg,2,5.0,2,4.9914,0.89355,20000,49914,0,15281,12,0.6881,0.64385,12070.161023107106,22,0.05575,0.0008,4.142600896860986,0.28015,0.0037,17.765661252900234,0.0055,15.447632601253895,4.6
rgg,2,5.0,1,5.000175,0.9311625,80000,200007,0,61119,10,0.68885,0.674975,52911.16509399724,72,0.058,0.0001875,4.091379310344828,0.28365,0.0013375,20.04036664903931,0.0031125,16.621941579099584,19.9
rgg,2,5.0,2,5.0196,0.9287625,80000,200784,0,61230,11,0.69035,0.6746,52737.614977909754,73,0.0589875,0.0002375,4.223140495867769,0.2889625,0.001175,19.7705152052602,0.0013,16.134565711862447,21.5
rgg,2,6.0,1,5.9536,0.9924,5000,14884,0,4071,10,0.848,0.848,4240.0,1,0.0898,0.0038,5.721603563474387,0.3906,0.0216,34.89861751152074,0.0422,48.903743315508024,1.4
rgg,2,6.0,2,6.0164,0.974,5000,15041,0,4088,10,0.81,0.81,4050.0,1,0.1092,0.0038,6.216117216117216,0.4262,0.0322,56.033317691224774,0.044,52.7942238267148,1.4
rgg,2,6.0,1,6.0289,0.9846,20000,60289,0,16365,10,0.835,0.83445,16678.014491017962,2,0.10745,0.0011,6.374592833876221,0.4203,0.01175,50.26338329764454,0.0159,52.33950869174896,5.8
rgg,2,6.0,2,5.9825,0.9893,20000,59825,0,16371,12,0.83705,0.8359,16695.052446090438,3,0.10095,0.00115,5.978702327885092,0.41585,0.0104,48.55007815318023,0.0173,52.737837728359054,5.8
rgg,2,6.0,1,5.992275,0.98665,80000,239691,0,65750,10,0.8397,0.8385125,66986.16413600095,8,0.1016625,0.0004125,6.087421615639985,0.4182,0.0036875,51.25125538020086,0.0064625,54.95001822674065,25.4
rgg,2,6.0,2,6.01395,0.9883,80000,240558,0,65944,11,0.8389,0.8384125,67034.03138037906,4,0.1066875,0.0003125,6.411364967779731,0.4191375,0.0031375,43.6179952879425,0.00495,53.00040688448549,25.1
rgg,2,7.0,1,6.9432,0.9978,5000,17358,0,4362,10,0.9324,0.9324,4662.0,1,0.1474,0.0058,8.80461329715061,0.5302,0.0504,96.5511127876273,0.665,1975.1183138505137,1.7
rgg,2,7.0,2,7.0064,0.9912,5000,17516,0,4327,10,0.8992,0.8992,4496.0,1,0.155,0.007,10.76,0.539,0.0752,184.95473098330243,0.3016,507.54251434533126,1.8
rgg,2,7.0,1,7.039,0.99675,20000,70390,0,17566,10,0.9215,0.9215,18430.0,1,0.16515,0.00165,10.205570693309113,0.5527,0.0431,222.33544418310115,0.2717,1627.1020891853932,7.3
rgg,2,7.0,2,6.9861,0.99755,20000,69861,0,17503,12,0.9179,0.9179,18358.0,1,0.1581,0.00215,9.648956356736242,0.5512,0.02915,205.5954281567489,0.27115,1510.1365661861075,7.2
rgg,2,7.0,1,6.982925,0.9972,80000,279317,0,70245,11,0.9161375,0.9161375,73291.0,1,0.1602125,0.000575,10.019427323086525,0.5469375,0.020175,282.19556622100333,0.0747125,1269.5822443430977,30.6
rgg,2,7.0,2,7.017175,0.9972375,80000,280687,0,70275,12,0.9179125,0.9179125,73433.0,1,0.16575,0.000475,9.990648567119155,0.5458,0.00885,179.89148955661415,0.1630125,2377.6308788078018,31.9
rgg,2,8.0,1,7.938,0.999,5000,19845,0,4637,11,0.964,0.964,4820.0,1,0.2184,0.0062,11.344322344322345,0.6604,0.5496,2300.8431253785584,0.9614,4417.671382144906,2.2
rgg,2,8.0,2,8.0316,0.9988,5000,20079,0,4667,11,0.9526,0.9526,4763.0,1,0.229,0.0112,19.63056768558952,0.6578,0.5372,2219.3508665247796,0.9084,3860.78110383536,2.2
rgg,2,8.0,1,8.0479,0.9996,20000,80479,0,18734,11,0.9599,0.9599,19198.0,1,0.2374,0.0038,17.502527379949452,0.6629,0.5623,9550.830743701916,0.94365,16939.793513410692,8.9
rgg,2,8.0,2,7.9822,0.99875,20000,79822,0,18755,13,0.95835,0.95835,19167.0,1,0.22995,0.0038,17.227875625135898,0.67035,0.52675,8364.633922577757,0.95435,17403.4417693704,8.7
rgg,2,8.0,1,7.993575,0.99915,80000,319743,0,74744,12,0.956025,0.956025,76482.0,1,0.232275,0.0013125,19.1153804757292,0.6642625,0.4422,24031.60725240398,0.9404875,67356.59557379976,38.0
rgg,2,8.0,2,8.020825,0.999125,80000,320833,0,75158,12,0.9582375,0.9582375,76659.0,1,0.2358,0.0011875,18.057782018659882,0.66275,0.1446625,5905.873142210487,0.9359875,66710.80430463182,37.7
rgg,2,9.0,1,8.8924,0.9996,5000,22231,0,4953,11,0.979,0.979,4895.0,1,0.309,0.0288,37.85954692556634,0.7556,0.7512,3734.1741662255163,0.9876,4796.301730920535,2.5
rgg,2,9.0,2,9.0684,1.0,5000,22671,0,4956,11,0.9754,0.9754,4877.0,1,0.3208,0.0236,45.061097256857856,0.749,0.7404,3659.6467289719626,0.955,4409.158932714618,2.7
rgg,2,9.0,1,9.0515,0.9999,20000,90515,0,19849,12,0.98025,0.98025,19605.0,1,0.3114,0.00655,35.36640976236352,0.76365,0.75335,14864.140443920644,0.982,18872.453887176478,10.6
rgg,2,9.0,2,8.9752,0.99945,20000,89752,0,20020,13,0.97605,0.97605,19521.0,1,0.3091,0.007,31.736978324166937,0.7668,0.75935,15039.761997913407,0.9868,19139.691563068154,10.4
rgg,2,9.0,1,8.983375,0.9996375,80000,359335,0,79775,12,0.9772875,0.9772875,78183.0,1,0.3127,0.002975,37.657339302846175,0.760075,0.742875,58086.24721244614,0.9823,75532.47712178476,45.1
rgg,2,9.0,2,9.022025,0.999525,80000,360881,0,79842,13,0.978225,0.978225,78258.0,1,0.314225,0.0020875,35.90190150369958,0.7585375,0.749675,59273.64452976946,0.98415,75980.81042619173,44.9
rgg,2,10.0,1,9.8688,1.0,5000,24672,0,5249,11,0.989,0.989,4945.0,1,0.3824,0.0308,55.89748953974895,0.8476,0.8476,4238.0,0.994,4893.247622820919,3.0
rgg,2,10.0,2,10.1008,1.0,5000,25252,0,5294,11,0.9866,0.9866,4933.0,1,0.4086,0.042,100.52618697993147,0.8242,0.82,4079.1752001941277,0.9916,4853.3233958538995,3.1
rgg,2,10.0,1,10.0482,0.99995,20000,100482,0,20913,12,0.9896,0.9896,19792.0,1,0.3897,0.01635,86.79060816012317,0.8403,0.83995,16792.005831250743,0.99565,19664.18224646665,12.5
rgg,2,10.0,2,9.975,0.99985,20000,99750,0,21257,13,0.9878,0.9878,19756.0,1,0.3943,0.02455,109.66878011666245,0.8372,0.8362,16704.038819875776,0.99525,19635.727326791555,12.3
rgg,2,10.0,1,9.988925,0.999975,80000,399557,0,84567,14,0.98895,0.98895,79116.0,1,0.3957375,0.0055625,90.48558071954263,0.8391625,0.838275,66991.08466774909,0.9938,78263.71006884256,52.0
rgg,2,10.0,2,10.019375,0.9998625,80000,400775,0,84432,14,0.988925,0.988925,79114.0,1,0.3933625,0.0040125,90.44701134449775,0.8339625,0.8325,66483.22545977787,0.9942625,78355.00279893492,53.2
rgg,2,12.0,1,11.8836,1.0,5000,29709,0,5991,13,0.9964,0.9964,4982.0,1,0.5704,0.5264,2431.9593267882187,0.9434,0.9434,4717.0,0.9968,4948.283665338646,4.1
rgg,2,12.0,2,12.0676,1.0,5000,30169,0,5874,14,0.997,0.997,4985.0,1,0.5512,0.4458,1827.7394775036284,0.9124,0.9124,4562.0,0.9988,4975.082585278276,4.3
rgg,2,12.0,1,12.0207,1.0,20000,120207,0,23492,14,0.99665,0.99665,19933.0,1,0.55665,0.38015,5280.181532381209,0.9305,0.9305,18610.0,0.9994,19953.06522499126,16.6
rgg,2,12.0,2,11.9917,0.99995,20000,119917,0,23688,15,0.9966,0.9966,19932.0,1,0.56095,0.4725,7982.938318923255,0.9319,0.9319,18638.0,0.9995,19954.068311195446,16.5
rgg,2,12.0,1,11.992775,1.0,80000,479711,0,94845,15,0.997,0.997,79760.0,1,0.5557,0.438925,27787.82013676444,0.931325,0.931325,74506.0,0.99905,79690.69190848075,69.3
rgg,2,12.0,2,12.01975,1.0,80000,480790,0,94653,15,0.9968,0.9968,79744.0,1,0.55565,0.2393125,11679.692657248268,0.930425,0.930425,74434.0,0.9992875,79782.32879756317,69.8
rgg,3,2.7,1,2.6836,0.2028,5000,6709,0,3561,7,0.2592,0.0826,205.48765432098764,33,0.008,0.001,2.05,0.1074,0.0064,9.309124767225326,0.0056,3.890125173852573,1.0
rgg,3,2.7,2,2.6788,0.3592,5000,6697,0,3550,8,0.2534,0.14,416.01657458563534,34,0.0074,0.0006,1.7567567567567568,0.099,0.0058,8.470707070707071,0.0036,3.638327526132404,1.1
rgg,3,2.7,1,2.7003,0.11085,20000,27003,0,14123,7,0.2375,0.0492,483.99873684210525,129,0.00785,0.0004,2.4140127388535033,0.10255,0.0014,8.635299853729888,0.00165,3.7745190791548406,4.1
rgg,3,2.7,2,2.6935,0.1175,20000,26935,0,14319,6,0.25185,0.0502,445.95533055390115,132,0.00785,0.00025,1.8535031847133758,0.109,0.0012,8.222018348623854,0.0015,3.7328552530808325,4.3
rgg,3,2.7,1,2.69515,0.2417875,80000,107806,0,56823,7,0.2554625,0.10585,3611.658120076332,491,0.0081625,8.75e-05,1.8514548238897397,0.106225,0.00035,7.942810072958343,0.0003625,3.691149384149375,19.7
rgg,3,2.7,2,2.7103,0.1495,80000,108412,0,56825,8,0.254325,0.0623625,1366.3973262557752,497,0.00805,6.25e-05,1.720496894409938,0.106675,0.0004625,8.211624091867822,0.000525,3.7955767243945577,17.8
rgg,3,3.5,1,3.5068,0.8758,5000,8767,0,4106,7,0.5562,0.5502,2721.4688960805465,4,0.0226,0.0014,2.752212389380531,0.2254,0.0156,22.595385980479147,0.0086,5.828955964981053,1.2
rgg,3,3.5,2,3.4328,0.8738,5000,8582,0,4057,8,0.5264,0.5226,2594.172492401216,5,0.0194,0.0012,2.463917525773196,0.1918,0.0088,14.83941605839416,0.006,5.014257939079715,1.2
rgg,3,3.5,1,3.512,0.8879,20000,35120,0,16309,8,0.54845,0.5438,10783.84273862704,17,0.0218,0.0005,2.743119266055046,0.20895,0.0041,16.92821249102656,0.00225,5.654738625994003,4.8
rgg,3,3.5,2,3.4905,0.88605,20000,34905,0,16235,7,0.5534,0.5507,10960.289663895916,12,0.01945,0.00035,2.367609254498715,0.2049,0.00495,17.78770131771596,0.0026,5.665116431402089,4.6
rgg,3,3.5,1,3.492225,0.88285,80000,139689,0,65105,8,0.5453875,0.5407625,42894.20987371365,60,0.0201375,0.00015,2.3966480446927374,0.2088875,0.00105,16.459757046256957,0.0006875,5.564217903271809,19.2
rgg,3,3.5,2,3.50815,0.8858,80000,140326,0,65038,9,0.548325,0.543875,43156.96653444581,49,0.020575,0.000125,2.4617253948967193,0.2081375,0.001225,16.253378175484954,0.0008875,5.706889376667673,19.4
rgg,3,4.5,1,4.5196,0.9638,5000,11299,0,4615,8,0.7694,0.7694,3847.0,1,0.0544,0.0026,4.036764705882353,0.358,0.061,109.50279329608938,0.05,21.761237440507667,1.4
rgg,3,4.5,2,4.4668,0.9714,5000,11167,0,4600,8,0.7822,0.7822,3911.0,1,0.0412,0.0018,2.8446601941747574,0.353,0.0448,83.60396600566573,0.0114,10.743907058972093,1.3
rgg,3,4.5,1,4.5209,0.97595,20000,45209,0,18555,8,0.78295,0.78295,15659.0,1,0.0507,0.00085,4.14792899408284,0.36805,0.0513,204.84322782230674,0.0062,13.665162018378204,5.5
rgg,3,4.5,2,4.4914,0.97235,20000,44914,0,18559,7,0.7812,0.781,15616.00204813108,2,0.0517,0.0009,3.9845261121856868,0.3673,0.03585,174.8567928124149,0.00705,14.2530774449937,5.7
rgg,3,4.5,1,4.4957,0.9719,80000,179828,0,73918,8,0.7778875,0.7772375,62127.05331747843,9,0.0503875,0.0002375,3.64946663358968,0.366525,0.016675,167.54955323647772,0.00245,14.653953022519467,23.5
rgg,3,4.5,2,4.49705,0.972725,80000,179882,0,73569,9,0.774175,0.7737625,61868.02134530307,6,0.0487625,0.0002375,4.0525506280440915,0.36445,0.0080875,119.84943064892303,0.00225,13.86335313253597,24.0
rgg,3,6.0,1,6.0336,0.9936,5000,15084,0,5366,8,0.9166,0.9166,4583.0,1,0.125,0.0054,8.5008,0.588,0.5786,2846.891156462585,0.7882,2447.4015748031497,1.9
rgg,3,6.0,2,5.9564,0.9984,5000,14891,0,5404,9,0.9202,0.9202,4601.0,1,0.117,0.0046,7.786324786324786,0.6042,0.5892,2873.2151605428667,0.7752,2334.499456606117,1.7
rgg,3,6.0,1,6.0266,0.9973,20000,60266,0,21697,10,0.92735,0.92735,18547.0,1,0.12975,0.0021,9.003082851637766,0.6091,0.59365,11572.106058118536,0.7348,8284.948234211435,7.2
rgg,3,6.0,2,5.9777,0.99525,20000,59777,0,21663,9,0.92085,0.92085,18417.0,1,0.12615,0.0024,9.810146650812525,0.62095,0.6042,11758.342137048072,0.75275,8751.740938042849,7.0
rgg,3,6.0,1,5.992925,0.99575,80000,239717,0,86310,9,0.9212625,0.9212625,73701.0,1,0.1271625,0.0006125,8.975228546151577,0.614575,0.6031125,47349.354757352645,0.7618125,35820.35104485096,30.5
rgg,3,6.0,2,6.001175,0.99615,80000,240047,0,86524,9,0.9227125,0.9227125,73817.0,1,0.129325,0.000575,9.274502223081384,0.61345,0.602025,47265.21652131388,0.7556375,35175.71042879831,31.1
rgg,3,8.0,1,8.064,0.999,5000,20160,0,6478,9,0.9782,0.9782,4891.0,1,0.2938,0.0844,210.14091218515998,0.8318,0.831,4151.00769415725,0.9742,4483.693877551021,2.5
rgg,3,8.0,2,7.9776,0.9996,5000,19944,0,6551,10,0.9864,0.9864,4932.0,1,0.289,0.1382,368.3522491349481,0.8532,0.8532,4266.0,0.9736,4412.323775833178,2.3
rgg,3,8.0,1,8.0261,0.9997,20000,80261,0,25752,12,0.98145,0.98145,19629.0,1,0.285,0.0401,244.58,0.8436,0.8436,16872.0,0.9766,18039.6758085871,9.7
rgg,3,8.0,2,8.007,0.99955,20000,80070,0,25964,11,0.98075,0.98075,19615.0,1,0.2905,0.06535,385.86265060240964,0.84345,0.84345,16869.0,0.96925,17519.04093240093,9.7
rgg,3,8.0,1,7.993725,0.9995625,80000,319749,0,103480,10,0.9811125,0.9811125,78489.0,1,0.2873875,0.01635,291.77569483711017,0.8458625,0.845575,67623.00942824631,0.9720375,70717.2586100034,39.9
rgg,3,8.0,2,7.9914,0.9994875,80000,319656,0,103204,10,0.9804,0.9804,78432.0,1,0.2874,0.04605,745.9450243562978,0.84455,0.8442,67508.01613285182,0.973275,71083.62410449424,40.7
rgg,3,10.0,1,10.0928,0.9998,5000,25232,0,7685,10,0.995,0.995,4975.0,1,0.4796,0.4702,2304.998331943286,0.9456,0.9456,4728.0,0.996,4915.866600594648,3.2
rgg,3,10.0,2,9.9612,0.9998,5000,24903,0,7753,10,0.9954,0.9954,4977.0,1,0.4836,0.467,2255.266335814723,0.955,0.955,4775.0,0.996,4882.007874015748,3.0
rgg,3,10.0,1,10.0203,0.99995,20000,100203,0,30473,13,0.9949,0.9949,19898.0,1,0.473,0.45955,8929.854545454546,0.9523,0.9523,19046.0,0.9958,19574.012534544017,13.1
rgg,3,10.0,2,10.0152,0.99995,20000,100152,0,30726,11,0.9959,0.9959,19918.0,1,0.48,0.47315,9328.016666666666,0.9512,0.9512,19024.0,0.9949,19453.21824792414,12.9
rgg,3,10.0,1,9.9875,0.9999875,80000,399500,0,122031,11,0.9956875,0.9956875,79655.0,1,0.4741,0.4633875,36233.490455600084,0.9508875,0.9508875,76071.0,0.995125,77997.38717140887,53.0
rgg,3,10.0,2,10.010075,0.99995,80000,400403,0,122022,12,0.995525,0.995525,79642.0,1,0.4731125,0.4611625,35961.37792279849,0.9493,0.9493,75944.0,0.9955,78115.78380175875,53.4
hrg,2.5,4.0,1,4.014,0.7556,5000,10035,0,3366,12,0.0352,0.0352,176.0,1,0.0094,0.0092,45.04255319148936,0.0268,0.0268,134.0,0.4266,812.671120612863,12.0
hrg,2.5,4.0,2,4.066,0.7814,5000,10165,0,3385,12,0.0334,0.0334,167.0,1,0.008,0.0072,32.65,0.0228,0.0228,114.0,0.425,796.1169333567786,11.5
hrg,2.5,4.0,1,4.251,0.7771,20000,42510,0,13583,16,0.0388,0.03835,758.1572164948453,3,0.0103,0.0099,190.35922330097088,0.02755,0.0265,509.96188747731395,0.4551,3655.5121058434397,54.9
hrg,2.5,4.0,2,4.0385,0.72355,20000,40385,0,12992,15,0.03675,0.03615,711.261224489796,4,0.00975,0.0089,162.69230769230768,0.02545,0.02465,477.6286836935167,0.391,2733.4734092431345,40.0
