ensemble,param,kbar,seed,kbar_meas,n,m,chordal,ncliques,maxclique,residue,giant,island,ncomp,phi_wheel,giant_wheel,island_wheel,phi_short,giant_short,island_short,merged,merged_mean,sec
rgg,1,0.5,1,0.5089,20000,5089,1,3955,5,0.0,0.0,0.0,0,0.0,0.0,0.0,0.0,0.0,0.0,0.00025,2.2286021248657035,58.5
rgg,1,0.5,2,0.4951,20000,4951,1,3925,5,0.0,0.0,0.0,0,0.0,0.0,0.0,0.0,0.0,0.0,0.0003,2.207054844165257,58.5
rgg,1,1.0,1,1.0216,20000,10216,1,6303,6,0.0,0.0,0.0,0,0.0,0.0,0.0,0.0,0.0,0.0,0.00045,2.5239664684387764,62.8
rgg,1,1.0,2,0.9951,20000,9951,1,6297,6,0.0,0.0,0.0,0,0.0,0.0,0.0,0.0,0.0,0.0,0.00045,2.4866032843560935,62.7
rgg,1,1.5,1,1.5221,20000,15221,1,7648,7,0.0,0.0,0.0,0,0.0,0.0,0.0,0.0,0.0,0.0,0.00045,2.876035418451871,66.8
rgg,1,1.5,2,1.4945,20000,14945,1,7800,7,0.0,0.0,0.0,0,0.0,0.0,0.0,0.0,0.0,0.0,0.00055,2.824010837049162,65.8
rgg,1,2.0,1,2.0286,20000,20286,1,8574,9,0.0,0.0,0.0,0,0.0,0.0,0.0,0.0,0.0,0.0,0.0006,3.30977744436109,69.4
rgg,1,2.0,2,2.0022,20000,20022,1,8709,8,0.0,0.0,0.0,0,0.0,0.0,0.0,0.0,0.0,0.0,0.00085,3.290574483959214,69.8
rgg,1,3.0,1,3.0193,20000,30193,1,9377,9,0.0,0.0,0.0,0,0.0,0.0,0.0,0.0,0.0,0.0,0.00115,4.6274793949823385,77.5
rgg,1,3.0,2,3.0092,20000,30092,1,9554,9,0.0,0.0,0.0,0,0.0,0.0,0.0,0.0,0.0,0.0,0.00105,4.561093897346087,76.5
rgg,1,4.0,1,4.0144,20000,40144,1,9715,10,0.0,0.0,0.0,0,0.0,0.0,0.0,0.0,0.0,0.0,0.0013,6.541911797230946,82.3
rgg,1,4.0,2,4.0146,20000,40146,1,9813,10,0.0,0.0,0.0,0,0.0,0.0,0.0,0.0,0.0,0.0,0.0016,6.517912155620104,80.2
rgg,1,12.0,1,11.9964,20000,119964,1,9949,18,0.0,0.0,0.0,0,0.0,0.0,0.0,0.0,0.0,0.0,0.02585,164.41850699076133,141.0
rgg,1,12.0,2,11.9846,20000,119846,1,9970,19,0.0,0.0,0.0,0,0.0,0.0,0.0,0.0,0.0,0.0,0.0291,169.86953511374875,141.3
rgg,2,0.5,1,0.5173,20000,5173,0,4234,5,0.0008,0.0002,4.0,4,0.0,0.0,0.0,0.0008,0.0002,4.0,0.00035,2.182598870056497,10.5
rgg,2,0.5,2,0.5015,20000,5015,1,4202,5,0.0,0.0,0.0,0,0.0,0.0,0.0,0.0,0.0,0.0,0.0003,2.163323782234957,58.1
rgg,2,1.0,1,1.014,20000,10140,0,7107,5,0.00445,0.0004,4.662921348314606,20,0.0001,0.0001,2.0,0.00395,0.00025,4.189873417721519,0.00045,2.3935084600697873,4.7
rgg,2,1.0,2,1.0038,20000,10038,0,7014,6,0.00405,0.00055,5.320987654320987,17,0.0001,5e-05,1.0,0.0034,0.00025,4.294117647058823,0.00045,2.4090301896874164,2.3
rgg,2,1.5,1,1.5188,20000,15188,0,9110,7,0.01245,0.0004,5.257028112449799,50,0.00055,0.0001,1.1818181818181819,0.0109,0.0004,4.871559633027523,0.0006,2.7082230816201913,3.2
rgg,2,1.5,2,1.5056,20000,15056,0,9027,6,0.0103,0.00055,5.58252427184466,40,0.0008,0.00015,1.625,0.0089,0.00055,4.898876404494382,0.0007,2.763781968483596,3.0
rgg,2,2.0,1,2.0257,20000,20257,0,10659,7,0.03455,0.0009,6.661360347322721,119,0.00245,0.00015,1.7346938775510203,0.0264,0.00055,5.223484848484849,0.0007,3.138869382022472,3.5
rgg,2,2.0,2,2.005,20000,20050,0,10498,7,0.0324,0.0007,6.753086419753086,109,0.0026,0.00025,2.0384615384615383,0.0246,0.00055,5.2317073170731705,0.0008,3.172713109281104,2.0
rgg,2,3.0,1,3.0286,20000,30286,0,12571,8,0.14835,0.00325,19.3329962925514,264,0.0114,0.00035,2.289473684210526,0.08645,0.00105,7.3007518796992485,0.0013,4.735751498296056,2.6
rgg,2,3.0,2,3.0031,20000,30031,0,12565,8,0.14775,0.0051,27.80067681895093,234,0.01035,0.0003,2.5072463768115942,0.0765,0.00105,6.749019607843137,0.0017,4.605404777575593,2.9
rgg,2,4.0,1,4.0244,20000,40244,0,13935,9,0.40675,0.05435,307.1730792870313,156,0.0279,0.0006,3.032258064516129,0.16895,0.00205,11.10180526783072,0.00255,7.9341508930951745,3.6
rgg,2,4.0,2,4.0014,20000,40014,0,14035,11,0.4273,0.03865,302.7278258834543,130,0.02755,0.00045,3.098003629764065,0.16325,0.00195,10.09709035222052,0.003,7.502667768843466,3.5
rgg,2,6.0,1,6.0289,20000,60289,0,16365,10,0.835,0.83445,16678.014491017962,2,0.10745,0.0011,6.374592833876221,0.4203,0.01175,50.26338329764454,0.0159,52.33950869174896,5.9
rgg,2,6.0,2,5.9825,20000,59825,0,16371,12,0.83705,0.8359,16695.052446090438,3,0.10095,0.00115,5.978702327885092,0.41585,0.0104,48.55007815318023,0.0173,52.737837728359054,5.9
rgg,2,8.0,1,8.0479,20000,80479,0,18734,11,0.9599,0.9599,19198.0,1,0.2374,0.0038,17.502527379949452,0.6629,0.5623,9550.830743701916,0.94365,16939.793513410692,8.7
rgg,2,8.0,2,7.9822,20000,79822,0,18755,13,0.95835,0.95835,19167.0,1,0.22995,0.0038,17.227875625135898,0.67035,0.52675,8364.633922577757,0.95435,17403.4417693704,8.6
rgg,2,12.0,1,12.0207,20000,120207,0,23492,14,0.99665,0.99665,19933.0,1,0.55665,0.38015,5280.181532381209,0.9305,0.9305,18610.0,0.9994,19953.06522499126,16.6
rgg,2,12.0,2,11.9917,20000,119917,0,23688,15,0.9966,0.9966,19932.0,1,0.56095,0.4725,7982.938318923255,0.9319,0.9319,18638.0,0.9995,19954.068311195446,17.3
rgg,3,0.5,1,0.5172,20000,5172,0,4368,5,0.0006,0.0002,4.0,3,0.0,0.0,0.0,0.0006,0.0002,4.0,0.00035,2.1574063846238816,24.3
rgg,3,0.5,2,0.4898,20000,4898,0,4232,5,0.00065,0.00025,4.384615384615385,3,5e-05,5e-05,1.0,0.0006,0.0002,4.0,0.0003,2.1356806973276754,3.0
rgg,3,1.0,1,1.0071,20000,10071,0,7595,5,0.00895,0.0004,5.0,38,0.00015,5e-05,1.0,0.0079,0.0004,4.544303797468355,0.00045,2.329811320754717,3.5
rgg,3,1.0,2,0.9858,20000,9858,0,7445,5,0.00445,0.0003,4.52808988764045,20,0.0002,5e-05,1.0,0.00425,0.00025,4.294117647058823,0.00045,2.3113243761996163,4.7
rgg,3,1.5,1,1.5127,20000,15127,0,10041,6,0.0237,0.001,6.8691983122362865,86,0.00085,0.0001,1.4705882352941178,0.0205,0.00075,5.341463414634147,0.00065,2.592706606677717,3.7
rgg,3,1.5,2,1.4895,20000,14895,0,10063,6,0.0203,0.0008,6.847290640394089,73,0.0005,5e-05,1.0,0.01585,0.0006,5.082018927444795,0.0006,2.5432721784653114,4.1
rgg,3,2.0,1,2.0109,20000,20109,0,12038,6,0.076,0.00215,14.161842105263158,172,0.00335,0.00025,1.7164179104477613,0.0493,0.0008,6.008113590263692,0.0011,2.9717633883933927,4.3
rgg,3,2.0,2,1.9831,20000,19831,0,12008,6,0.07085,0.0018,13.296400846859562,173,0.00215,0.00015,1.2325581395348837,0.0463,0.0008,6.012958963282937,0.001,2.9163507203575847,3.8
rgg,3,3.0,1,3.0065,20000,30065,0,14963,7,0.36285,0.32665,5884.13104588673,64,0.012,0.00045,2.3583333333333334,0.13725,0.00165,10.058652094717669,0.0018,4.281210848880913,4.3
rgg,3,3.0,2,2.9956,20000,29956,0,15040,7,0.3678,0.34345,6415.644643828167,50,0.011,0.00035,2.0727272727272728,0.1334,0.00145,9.287106446776612,0.00215,4.313794503858129,4.6
rgg,3,4.0,1,4.0214,20000,40214,0,17450,8,0.68265,0.68125,13597.076613198564,5,0.0372,0.0005,3.228494623655914,0.2871,0.00675,33.784743991640546,0.0036,7.943051218491453,5.4
rgg,3,4.0,2,3.9874,20000,39874,0,17534,7,0.68545,0.68505,13693.007002698956,3,0.03415,0.0006,2.950219619326501,0.2853,0.0092,40.293375394321764,0.0047,8.54376385186137,5.1
rgg,3,6.0,1,6.0266,20000,60266,0,21697,10,0.92735,0.92735,18547.0,1,0.12975,0.0021,9.003082851637766,0.6091,0.59365,11572.106058118536,0.7348,8284.948234211435,7.2
rgg,3,6.0,2,5.9777,20000,59777,0,21663,9,0.92085,0.92085,18417.0,1,0.12615,0.0024,9.810146650812525,0.62095,0.6042,11758.342137048072,0.75275,8751.740938042849,7.1
rgg,3,8.0,1,8.0261,20000,80261,0,25752,12,0.98145,0.98145,19629.0,1,0.285,0.0401,244.58,0.8436,0.8436,16872.0,0.9766,18039.6758085871,9.5
rgg,3,8.0,2,8.007,20000,80070,0,25964,11,0.98075,0.98075,19615.0,1,0.2905,0.06535,385.86265060240964,0.84345,0.84345,16869.0,0.96925,17519.04093240093,9.4
rgg,3,12.0,1,11.9911,20000,119911,0,35243,14,0.99835,0.99835,19967.0,1,0.6429,0.64185,12816.037175299425,0.98545,0.98545,19709.0,0.9991,19881.518149678832,16.1
rgg,3,12.0,2,12.0219,20000,120219,0,35690,12,0.99885,0.99885,19977.0,1,0.6526,0.6514,13004.047349065277,0.9856,0.9856,19712.0,0.99915,19902.335227272728,16.1
