s,t,W,lam
3,0,4.0,1.393440684532412
3,0,6.0,1.3725586061053128
3,0,8.0,1.334380174812269
3,0,10.0,1.2556191092363618
3,0,12.0,1.17817369733906
3,0,15.0,1.074509045104824
3,0,18.0,0.9751086888431669
3,0,22.0,0.8765111038673692
3,0,26.0,0.769700265863636
3,0,30.0,0.6947186802648407
3,0,35.0,0.6054922235225868
1,1,4.0,1.1516838774522091
1,1,6.0,1.1023347594840076
1,1,8.0,1.024816887775567
1,1,10.0,0.9479764689398459
1,1,12.0,0.8488456557000609
1,1,15.0,0.7536713247217419
1,1,18.0,0.6682899357373698
1,1,22.0,0.5788753364606041
1,1,26.0,0.4991062708862848
1,1,30.0,0.4442055569885572
1,1,35.0,0.38974612537807307
4,0,4.0,1.7044905728643183
4,0,6.0,1.6930096190200277
4,0,8.0,1.6807330945129977
4,0,10.0,1.6596610704704926
4,0,12.0,1.5630763861146932
4,0,15.0,1.4821186812344012
4,0,18.0,1.369867456062071
4,0,22.0,1.262036728901026
4,0,26.0,1.1357372114376365
4,0,30.0,1.0675764364045293
4,0,35.0,0.9692741650567155
2,1,4.0,1.5801966996996448
2,1,6.0,1.5743066579946678
2,1,8.0,1.5208798363553775
2,1,10.0,1.5057505730967469
2,1,12.0,1.4232460355667782
2,1,15.0,1.310323210243282
2,1,18.0,1.2080890709827503
2,1,22.0,1.0974090502021725
2,1,26.0,0.9931294578299551
2,1,30.0,0.9047561158931341
2,1,35.0,0.8206130640059014
0,2,4.0,1.3892052010489395
0,2,6.0,1.366493300634155
0,2,8.0,1.3074280541261172
0,2,10.0,1.263647278653283
0,2,12.0,1.1911633996249889
0,2,15.0,1.0880497196448293
0,2,18.0,0.9896424397720455
0,2,22.0,0.8863366011824588
0,2,26.0,0.7958131011474526
0,2,30.0,0.7060280508446124
0,2,35.0,0.6373238375443723
