s,t,W,Eprime,growth_joint,growth_indep
3,0,1.5,0.35,0.39379867977759686,0.006201736729460425
3,0,1.5,0.375,0.5370954113009235,0.03427495911592751
3,0,1.5,0.39999999999999997,0.6469579694202731,0.2524070184492429
3,0,1.5,0.425,0.7667981956150878,0.41502735107345834
3,0,1.5,0.45,0.8895606905907183,0.5591614051868888
3,0,1.5,0.475,1.0125428411152517,0.702777525514146
3,0,1.5,0.5,1.1332887201962885,0.8737570603662257
3,0,1.5,0.525,1.2514681254405726,1.0286440122729648
3,0,1.5,0.55,1.367979744134097,1.1817792375667873
3,0,1.5,0.575,1.4784895703716927,1.329268858296156
3,0,1.5,0.6000000000000001,1.579922160411691,1.4631243952890967
3,0,1.5,0.625,1.6738090517651678,1.5920677237707426
3,0,1.5,0.65,1.7546920502404662,1.6953501374804478
