s,t,degree,W,P,seed,Emin,band_bottom,Eprime_c,Ec_perc,Ec_loc,gap,sec
3,0,3,1.5,1000000,0,-3.578452233808732,-2.828452233808732,0.47303818059019653,-3.1054140532185355,-3.114514467335035,0.009100414116499422,563
3,0,3,3.0,1000000,0,-4.328452233808732,-2.828452233808732,1.0740225732240323,-3.2544296605847,-3.547951509921107,0.2935218493364071,567
3,0,3,4.5,1000000,0,-5.078452233808732,-2.828452233808732,1.6764274333952136,-3.4020248004135185,-3.9877300446700183,0.5857052442564998,554
3,0,3,6.0,1000000,0,-5.828452233808732,-2.828452233808732,2.2964997941680423,-3.5319524396406896,-4.420152737495561,0.8882002978548718,602
3,0,3,9.0,1000000,0,-7.328452233808732,-2.828452233808732,3.5480804169651243,-3.7803718168436076,-5.201205630261828,1.4208338134182208,569
3,0,3,12.0,1000000,0,-8.828452233808733,-2.828452233808732,4.8332356984651454,-3.9952165353435873,-5.369801081010841,1.374584545667254,563
1,1,3,1.5,1000000,0,-3.7154675368233274,-2.9654675368233274,0.7046598288924977,-3.0108077079308297,-3.2127831783759446,0.20197547044511488,1301
1,1,3,3.0,1000000,0,-4.465467536823327,-2.9654675368233274,1.4890086367228337,-2.9764589001004937,-3.456741724800366,0.48028282469987227,1333
1,1,3,4.5,1000000,0,-5.215467536823327,-2.9654675368233274,2.3041890539494023,-2.911278482873925,-3.6213524945387214,0.7100740116647963,1380
1,1,3,6.0,1000000,0,-5.965467536823327,-2.9654675368233274,3.1479220881377468,-2.8175454486855807,-3.688338137467792,0.8707926887822115,1371
1,1,3,9.0,1000000,0,-7.465467536823327,-2.9654675368233274,4.885901593562986,-2.5795659432603415,-0.0018177410978572578,-2.5777482021624842,1357
1,1,3,12.0,1000000,0,-8.965467536823327,-2.9654675368233274,6.678368371809636,-2.287099165013691,-0.0021839520353572578,-2.284915212978334,1346
4,0,4,1.5,1000000,0,-4.21413197350919,-3.4641319735091898,0.1292248669869943,-4.084907106522196,-3.668841518819196,-0.41606558770299973,711
4,0,4,3.0,1000000,0,-4.96413197350919,-3.4641319735091898,0.6346194112620661,-4.329512562247124,-4.1197076234342935,-0.20980493881283024,734
4,0,4,4.5,1000000,0,-5.71413197350919,-3.4641319735091898,1.1076889983636304,-4.606442975145559,-4.630652735292752,0.024209760147192227,730
4,0,4,6.0,1000000,0,-6.46413197350919,-3.4641319735091898,1.5578918144852842,-4.9062401590239055,-5.16505988013444,0.25881972111053475,719
4,0,4,9.0,1000000,0,-7.96413197350919,-3.4641319735091898,2.4512439689502585,-5.512888004558931,-6.270356120692191,0.7574681161332597,715
4,0,4,12.0,1000000,0,-9.46413197350919,-3.4641319735091898,3.332163439446397,-6.131968534062793,-7.4174249411081705,1.2854564070453778,702
2,1,4,1.5,1000000,0,-4.397667170298544,-3.6476671702985444,0.2945560618119084,-4.103111108486636,-3.870003130774178,-0.23310797771245806,1852
2,1,4,3.0,1000000,0,-5.147667170298544,-3.6476671702985444,0.837908405424756,-4.309758764873789,-4.307691096923167,-0.002067667950621299,1842
2,1,4,4.5,1000000,0,-5.897667170298544,-3.6476671702985444,1.3538876874077634,-4.5437794828907805,-4.77416959853107,0.23039011564028922,1848
2,1,4,6.0,1000000,0,-6.647667170298544,-3.6476671702985444,1.8688994323476043,-4.77876773795094,-5.266859531084416,0.48809179313347606,1825
2,1,4,9.0,1000000,0,-8.147667170298543,-3.6476671702985444,2.8767478575377083,-5.270919312760835,-6.280289695799534,1.009370383038699,1733
2,1,4,12.0,1000000,0,-9.647667170298543,-3.6476671702985444,3.8974900708586784,-5.750177099439865,-7.260708957288135,1.51053185784827,1799
0,2,4,1.5,1000000,0,-4.578452656710408,-3.8284526567104082,0.4864312589925063,-4.092021397717902,-4.056533186940781,-0.035488210777121054,936
0,2,4,3.0,1000000,0,-5.328452656710408,-3.8284526567104082,1.096389521177071,-4.232063135533338,-4.431054597971896,0.19899146243855803,976
0,2,4,4.5,1000000,0,-6.078452656710408,-3.8284526567104082,1.7147092445324856,-4.363743412177922,-4.8411414905793855,0.4773980784014631,875
0,2,4,6.0,1000000,0,-6.828452656710408,-3.8284526567104082,2.3285883938441625,-4.499864262866246,-5.2675748215613485,0.7677105586951027,885
0,2,4,9.0,1000000,0,-8.328452656710407,-3.8284526567104082,3.573617279192277,-4.7548353775181305,-6.050809149161902,1.2959737716437711,532
0,2,4,12.0,1000000,0,-9.828452656710407,-3.8284526567104082,4.847284637925565,-4.981168018784842,-6.812755812583278,1.8315877937984357,519
