s,t,W,E,P,seed,beta,lam
3,0,17.0,0.0,1000000,0,0.3,1.0009350275015354
3,0,17.0,0.0,1000000,0,0.4,1.0050634046744351
3,0,17.0,0.0,1000000,0,0.5,1.0146583826768487
3,0,17.0,0.0,1000000,0,0.6,1.0245547472151904
3,0,17.0,0.0,1000000,0,0.7,1.033343036228277
1,1,8.5,0.0,1000000,0,0.3,1.004449225900191
1,1,8.5,0.0,1000000,0,0.4,1.0058295494431566
1,1,8.5,0.0,1000000,0,0.5,1.0060699113564104
1,1,8.5,0.0,1000000,0,0.6,1.005537930297298
1,1,8.5,0.0,1000000,0,0.7,1.0048811540995815
3,0,3.0,-3.328452233808732,1000000,0,0.3,1.1434882295775164
3,0,3.0,-3.328452233808732,1000000,0,0.4,1.1962185978579791
3,0,3.0,-3.328452233808732,1000000,0,0.5,1.2530530304801806
3,0,3.0,-3.328452233808732,1000000,0,0.6,1.3142916900721218
3,0,3.0,-3.328452233808732,1000000,0,0.7,1.3786512851897372
1,1,3.0,-3.4654675368233274,1000000,0,0.3,0.9967033720884375
1,1,3.0,-3.4654675368233274,1000000,0,0.4,0.9950828915533878
1,1,3.0,-3.4654675368233274,1000000,0,0.5,0.9927291021200372
1,1,3.0,-3.4654675368233274,1000000,0,0.6,0.9901958863715009
1,1,3.0,-3.4654675368233274,1000000,0,0.7,0.9879794297905033
