s,t,W,E,lam
3,0,3.0,-4.2284497084259565,0.4334220329352986
3,0,3.0,-4.028449708425956,0.47781598198415554
3,0,3.0,-3.8284497084259566,0.5443521864206073
3,0,3.0,-3.6284497084259564,0.8405850655658983
3,0,3.0,-3.428449708425956,1.1421972109771263
3,0,3.0,-3.2284497084259565,1.2898209469850184
3,0,3.0,-3.0284497084259563,1.3406371642424195
3,0,3.0,-2.828449708425956,1.3615582169142353
3,0,3.0,-2.628449708425956,1.3700704729422444
3,0,3.0,-2.428449708425956,1.3967468237049714
3,0,3.0,-2.228449708425956,1.3927625643403914
3,0,3.0,-2.028449708425956,1.3882085664621568
3,0,3.0,-1.828449708425956,1.3891782678478644
1,1,3.0,-4.365467528396403,0.39966744644865543
1,1,3.0,-4.165467528396403,0.4459230617642558
1,1,3.0,-3.965467528396403,0.531672660145961
1,1,3.0,-3.7654675283964028,0.7188029647747184
1,1,3.0,-3.5654675283964026,0.9244908584434721
1,1,3.0,-3.365467528396403,1.0503653527150412
1,1,3.0,-3.1654675283964027,1.1275088061639431
1,1,3.0,-2.9654675283964025,1.1311699290757427
1,1,3.0,-2.7654675283964023,1.154320040663536
1,1,3.0,-2.5654675283964026,1.1599738260831427
1,1,3.0,-2.3654675283964024,1.163057150216718
1,1,3.0,-2.165467528396402,1.157712430545193
1,1,3.0,-1.9654675283964025,1.172494306878976
