n_cliques,c_max,m1,m2,m3,sbar,degeneracy,family,tau,kbar_target,n,seed,kbar,secs
912,10,2.1611842105263155,7.141447368421053,34.39144736842105,2.304414003044141,10,hrg,2.1,2.0,1000,1,2.368,0.18
1228,7,1.9136807817589576,4.457654723127036,12.628664495114005,1.32936170212766,6,config,2.1,2.0,1000,1,2.068,0.19
892,9,1.928251121076233,5.293721973094171,20.59417040358744,1.7453488372093031,8,hrg,2.1,2.0,1000,2,1.944,0.14
1174,5,1.7972742759795568,3.7666098807495745,9.039182282793867,1.0957345971563988,5,config,2.1,2.0,1000,2,1.802,0.14
917,11,1.925845147219193,5.646673936750273,25.114503816793892,1.9320498301245754,10,hrg,2.1,2.0,1000,3,2.0,0.05
1146,7,1.774869109947644,3.8499127399650956,10.209424083769633,1.1691248770894789,6,config,2.1,2.0,1000,3,1.688,0.05
2818,10,1.8995741660752308,5.22888573456352,21.021646557842445,1.752662058658696,9,hrg,2.1,2.0,3000,1,1.888,0.21
3264,6,1.7530637254901962,3.74264705882353,9.701593137254902,1.1349178608878017,6,config,2.1,2.0,3000,1,1.5633333333333332,0.22
2704,12,1.9730029585798816,5.953032544378697,27.517381656804734,2.0172446110590436,11,hrg,2.1,2.0,3000,2,2.002,0.09
3876,6,1.8173374613003095,3.858617131062952,9.503095975232197,1.1232254400908577,7,config,2.1,2.0,3000,2,1.9233333333333333,0.1
2722,12,1.8523144746509919,5.3857457751653195,26.416605437178543,1.9075763585878618,11,hrg,2.1,2.0,3000,3,1.7673333333333334,0.22
3592,7,1.798162583518931,4.035913140311805,11.514755011135856,1.2444650874748415,8,config,2.1,2.0,3000,3,1.6706666666666667,0.24
9146,18,1.982396676142576,6.887273124863329,44.40028427727969,2.474215432132812,17,hrg,2.1,2.0,10000,1,1.989,0.22
12659,10,1.8762145509123944,4.601074334465597,15.553598230507937,1.452317797145383,11,config,2.1,2.0,10000,1,1.8664,0.26
9193,20,1.9793321005112587,6.879582290873491,47.856847601435874,2.475708947021323,19,hrg,2.1,2.0,10000,2,1.9974,0.15
12299,10,1.9245467111147248,5.046426538742987,19.15814293845028,1.622137727080693,12,config,2.1,2.0,10000,2,1.8366,0.19
9259,17,1.8789286100010802,6.033156928393995,36.24462684955179,2.21095591193884,16,hrg,2.1,2.0,10000,3,1.797,0.43
11868,9,1.8016514998314797,4.189753960229187,12.916413886080216,1.3255074361612569,10,config,2.1,2.0,10000,3,1.6178,0.47
27606,26,2.0309353039194376,8.48569151633703,85.78207636021156,3.178218528163237,26,hrg,2.1,2.0,30000,1,2.015,0.99
40021,12,2.0229629444541617,5.985832437970066,27.611379026011345,1.9589431948716047,17,config,2.1,2.0,30000,1,1.9248666666666667,1.14
27802,21,1.9141428674196102,6.484965110423711,42.35878713761599,2.387921153015014,20,hrg,2.1,2.0,30000,2,1.8566,1.08
36993,10,1.8411591382153383,4.4300813667450605,14.33454977968805,1.4061371311114375,12,config,2.1,2.0,30000,2,1.7038666666666666,1.22
27706,23,1.6358189561827765,4.544142063091029,28.80386919800765,1.7779003574423027,22,hrg,2.1,2.0,30000,3,1.2833333333333334,1.0
34789,10,1.6581678116646064,3.6243640231107532,11.381586133547959,1.185764310231252,14,config,2.1,2.0,30000,3,1.2501333333333333,1.1
93296,44,2.0265070313839817,10.332543731778427,171.59911464585835,4.098696215587234,44,hrg,2.1,2.0,100000,1,1.98684,2.79
133510,19,2.354857314058872,11.3285222080743,102.50254662572092,3.810704300613555,28,config,2.1,2.0,100000,1,1.85076,3.53
93629,47,2.0334084525093723,10.619530273739976,177.45418620299264,4.2225268664712745,46,hrg,2.1,2.0,100000,2,2.0083,3.39
130195,23,2.2780982372594956,11.325265947232998,119.05110795345446,3.9713685573353743,28,config,2.1,2.0,100000,2,1.85634,4.11
95235,36,2.468745734236363,12.491279466582663,149.29262351026406,4.059767514067822,36,hrg,2.1,2.0,100000,3,2.9244,5.92
133481,15,2.1995639828889506,6.7448700564125215,30.992425888328675,2.066457765667574,19,config,2.1,2.0,100000,3,2.41368,7.06
285459,64,2.0676419380716666,14.21027538105297,416.6757783079181,5.87269643713351,66,hrg,2.1,2.0,300000,1,1.9827066666666666,12.18
388634,24,2.4409933253395226,13.999559997323962,160.47609061482012,4.735189790155094,36,config,2.1,2.0,300000,1,1.7325533333333334,16.23
282134,57,2.077197360119659,13.791595482997442,341.7983015163008,5.639520994867317,57,hrg,2.1,2.0,300000,2,2.0168466666666665,12.64
394960,28,2.440733238808993,15.52147052866113,216.58713793801905,5.359347380476188,38,config,2.1,2.0,300000,2,1.85216,15.81
283296,62,2.1860280413419177,15.440503925223087,400.2791956116571,6.063268921173015,61,hrg,2.1,2.0,300000,3,2.196886666666667,16.04
416880,23,2.883141431587027,21.386288620226445,287.08188927269237,6.417703615203624,36,config,2.1,2.0,300000,3,1.9718666666666667,19.69
896,12,2.966517857142857,12.513392857142858,70.41294642857144,3.218209179834462,11,hrg,2.1,4.0,1000,1,4.034,0.04
1515,7,2.3564356435643568,6.57029702970297,21.893069306930695,1.7882352941176465,8,config,2.1,4.0,1000,1,3.532,0.05
863,14,2.845886442641947,12.461181923522593,80.01158748551563,3.3786644951140055,13,hrg,2.1,4.0,1000,2,3.688,0.13
1608,6,2.202114427860697,5.5752487562189055,16.265547263681594,1.5317706862468223,7,config,2.1,4.0,1000,2,3.384,0.13
884,10,2.1368778280542986,6.5735294117647065,28.254524886877828,2.076230809952356,9,hrg,2.1,4.0,1000,3,2.304,0.13
1233,6,1.8937550689375509,4.182481751824818,10.774533657745335,1.2085653104925052,6,config,2.1,4.0,1000,3,2.104,0.14
2697,13,2.932146829810901,12.099369670003705,68.55617352614016,3.1264542235710664,12,hrg,2.1,4.0,3000,1,3.998666666666667,0.05
4463,7,2.261035178131302,5.778400179251625,16.771006049742326,1.5556436428500646,7,config,2.1,4.0,3000,1,3.332,0.27
2697,16,2.980719317760475,13.878012606599926,96.19317760474601,3.6559273541485258,15,hrg,2.1,4.0,3000,2,3.9926666666666666,0.12
4791,10,2.310373617198915,6.474848674598205,22.78125652264663,1.8025115186557046,10,config,2.1,4.0,3000,2,3.5153333333333334,0.14
2678,18,2.683719193427931,12.859223300970873,106.89058999253173,3.7915681090858495,17,hrg,2.1,4.0,3000,3,3.404,0.22
4793,10,2.3183809722511994,6.978510327561025,28.14854996870436,2.010079193664507,12,config,2.1,4.0,3000,3,3.1546666666666665,0.24
9047,27,3.0391289930363654,19.27368188349729,241.6079363324859,5.341843971631206,26,hrg,2.1,4.0,10000,1,3.9876,0.44
17607,15,2.6593400352132672,10.670017606633726,66.08649968762424,3.0122802896012653,17,config,2.1,4.0,10000,1,3.6764,0.51
8878,23,2.3860103626943,9.40020274836675,65.49211534129309,2.9397158098475202,22,hrg,2.1,4.0,10000,2,2.8148,0.49
14765,10,2.0838469353200133,5.419844226210634,18.8139519133085,1.6008840353614149,12,config,2.1,4.0,10000,2,2.6674,0.54
9263,32,3.0635863111303037,20.5160315232646,300.99730109035954,5.69673690887307,32,hrg,2.1,4.0,10000,3,4.0198,0.38
17383,14,2.8992694011390436,13.27216245757349,90.57492952885005,3.577761022262788,19,config,2.1,4.0,10000,3,3.5324,0.45
27882,58,4.018865217703177,51.705903450254645,1562.9758266982283,11.865796847948312,58,hrg,2.1,4.0,30000,1,5.422866666666667,1.65
72579,26,4.767425839430138,47.45470452885821,684.9482219374751,8.953947083218935,36,config,2.1,4.0,30000,1,4.8712,2.06
27585,38,3.0881276055827445,22.071778140293638,353.05093347833963,6.1473011997276545,38,hrg,2.1,4.0,30000,2,4.0258,0.61
53489,15,2.8506608835461495,13.078072126979379,92.39759576735403,3.587733392795074,22,config,2.1,4.0,30000,2,3.5860666666666665,0.86
27207,32,2.3008049399051713,11.560848311096409,147.37192634248538,4.024697274673312,32,hrg,2.1,4.0,30000,3,2.5412,1.28
46106,12,2.3164664035049665,8.193922699865528,45.41896933154036,2.537250826287652,21,config,2.1,4.0,30000,3,2.4520666666666666,1.43
92928,62,3.331041236225895,37.80332085055097,1174.4635954717635,10.348800020675375,63,hrg,2.1,4.0,100000,1,4.07248,6.08
198960,27,3.701442501005227,30.147009449135506,406.1872084841174,7.14466507069832,39,config,2.1,4.0,100000,1,3.704,7.63
93145,56,3.215245048043373,31.809780449836275,838.9524075366364,8.893423354836985,58,hrg,2.1,4.0,100000,2,4.0314,2.81
186448,23,3.568163777568009,28.255143525272466,374.9451160645327,6.91867898634704,35,config,2.1,4.0,100000,2,3.62524,4.02
92681,65,3.1971062029973782,33.07095305402402,941.1737572965333,9.34402705265751,64,hrg,2.1,4.0,100000,3,3.9623,2.99
191234,27,3.7812366001861597,33.846831630358615,499.8793990608364,7.951259920813273,38,config,2.1,4.0,100000,3,3.62538,4.12
280974,101,3.520226070739641,67.35507199954442,3889.5757045135847,18.13373477896899,102,hrg,2.1,4.0,300000,1,4.02742,16.2
764011,38,9.586132922169966,214.26829849308453,5792.922255046066,21.351901463575956,63,config,2.1,4.0,300000,1,3.67022,22.9
280288,88,3.4650930471515022,58.21146820413289,2853.8200351067476,15.799395402090553,88,hrg,2.1,4.0,300000,2,4.03842,12.81
647558,39,6.451412846416845,118.39194326994647,3003.375277581313,17.351320259360254,56,config,2.1,4.0,300000,2,3.7045133333333333,19.29
281282,88,3.578387525685966,57.37664692372779,2766.0311857850843,15.034218348871775,91,hrg,2.1,4.0,300000,3,4.300046666666667,26.9
672721,35,6.2765723085796346,101.83974039757938,2270.239671423963,15.225375155540164,55,config,2.1,4.0,300000,3,3.831933333333333,35.01
892,20,4.929372197309416,35.75,347.2320627802691,6.25244484876052,19,hrg,2.1,8.0,1000,1,8.062,0.15
2540,11,3.0212598425196853,11.368503937007874,53.77795275590552,2.7628355486056813,12,config,2.1,8.0,1000,1,6.924,0.16
867,20,4.502883506343713,30.55824682814302,296.4752018454441,5.786372950819673,19,hrg,2.1,8.0,1000,2,6.978,0.15
2538,8,2.836879432624113,9.587864460204885,38.45862884160756,2.3797222222222225,11,config,2.1,8.0,1000,2,6.306,0.15
911,17,5.006586169045005,36.165751920965974,338.3589462129528,6.223635167726377,16,hrg,2.1,8.0,1000,3,8.062,0.11
2355,10,2.9766454352441616,10.658174097664544,45.80976645435245,2.5805991440798857,10,config,2.1,8.0,1000,3,6.656,0.12
2697,30,5.023359288097886,40.16314423433445,507.20578420467183,6.99527605550635,29,hrg,2.1,8.0,3000,1,8.022666666666666,0.09
7979,11,3.1708234114550695,13.380122822408824,75.40393533024188,3.219762845849803,16,config,2.1,8.0,3000,1,6.868666666666667,0.11
2685,23,4.943016759776535,37.46070763500931,412.8446927374302,6.578511151295962,22,hrg,2.1,8.0,3000,2,7.959333333333333,0.15
7950,12,3.0283018867924527,12.005408805031447,63.97245283018868,2.964402907580478,15,config,2.1,8.0,3000,2,6.98,0.18
2697,26,5.042639970337412,43.35854653318503,565.5276232851317,7.598382352941178,26,hrg,2.1,8.0,3000,3,7.93,0.43
8281,11,3.2517811858471197,13.966429175220386,77.46383287042629,3.2950089126559723,15,config,2.1,8.0,3000,3,6.929333333333333,0.45
9189,40,5.355751441941452,59.09348133638046,1111.809554902601,10.03364896167757,40,hrg,2.1,8.0,10000,1,7.9528,0.41
32336,15,3.7393926274121725,21.30841786244433,168.23914522513607,4.69836334014241,24,config,2.1,8.0,10000,1,7.2344,0.55
9124,45,5.465804471722929,69.69311705392374,1661.7952652345466,11.75075195508322,44,hrg,2.1,8.0,10000,2,7.9362,0.47
35239,19,4.450750588836233,33.524731121768504,350.5167002468856,6.532376944656976,28,config,2.1,8.0,10000,2,7.3056,0.62
9260,38,5.039200863930886,43.2413606911447,646.9400647948164,7.580995649658185,37,hrg,2.1,8.0,10000,3,7.9498,0.34
24544,14,3.1551091916558014,13.683303455019557,84.56824478487613,3.336871602164285,19,config,2.1,8.0,10000,3,6.515,0.45
28428,78,7.481356409174055,180.0800619107922,8419.823694948642,23.07050968591311,79,hrg,2.1,8.0,30000,1,10.350133333333334,2.58
155509,33,9.800571028043393,178.09228404786862,3939.0797638721874,17.171623218511925,49,config,2.1,8.0,30000,1,9.170333333333334,3.63
27714,68,5.802374251280942,97.84791080320414,3402.995489644223,15.863426343380567,67,hrg,2.1,8.0,30000,2,8.025466666666667,1.2
130178,27,6.923082241238919,88.95238058658146,1464.2063712762526,11.848667325763705,40,config,2.1,8.0,30000,2,7.416666666666667,1.92
27616,60,5.829084588644264,94.79258400927,3078.5823435689454,15.262001789086575,60,hrg,2.1,8.0,30000,3,8.062,1.12
115100,24,5.386828844483058,54.38566463944397,749.9464813205908,9.09604466923861,39,config,2.1,8.0,30000,3,7.457066666666667,1.75
93406,103,6.127175984412136,155.23802539451427,9439.001937777017,24.33598280667115,104,hrg,2.1,8.0,100000,1,7.98868,7.48
582068,38,13.92732979651862,331.1243033460008,8968.700531553013,22.77514629033708,63,config,2.1,8.0,100000,1,7.20174,11.95
93688,107,6.85524293399368,230.3575057638118,16224.516010588335,32.6031134099593,111,hrg,2.1,8.0,100000,2,7.9213,6.91
854506,38,16.546335543577225,391.84865290588954,10122.041192221,22.681899347072836,70,config,2.1,8.0,100000,2,7.35836,12.13
95216,84,6.45553268358259,122.4384977314737,5156.711393043185,17.96644378284283,84,hrg,2.1,8.0,100000,3,9.17846,17.28
340230,28,5.240775357846163,55.18296152602652,853.554045792552,9.529541481569138,45,config,2.1,8.0,100000,3,7.70928,21.38
284311,154,7.193168748307311,330.06624084189497,32961.69283284854,44.88606946271986,157,hrg,2.1,8.0,300000,1,7.9384266666666665,31.96
6139752,56,34.83531566095829,1417.0915523949502,59560.0123091291,39.679739095436325,95,config,2.1,8.0,300000,1,7.19294,72.24
282876,164,6.769489104766752,270.520143101571,25779.789299905264,38.96167789251387,165,hrg,2.1,8.0,300000,2,8.02378,36.6
7658540,54,34.94027582280696,1380.7592703047842,56051.78848657838,38.517698065895225,97,config,2.1,8.0,300000,2,7.20924,80.06
282754,140,6.743908132157282,256.5546199169596,22156.083065137893,37.04242508785353,143,hrg,2.1,8.0,300000,3,7.944766666666666,29.45
2188646,59,25.298016216418734,997.4047205441171,42416.89751746056,38.42620290901659,90,config,2.1,8.0,300000,3,7.23096,51.15
774,6,2.049095607235142,5.131782945736434,15.018087855297159,1.5044136191677175,5,hrg,2.5,2.0,1000,1,2.002,0.02
1185,3,1.8278481012658228,3.572995780590717,7.331645569620253,0.9547553093259464,3,config,2.5,2.0,1000,1,1.976,0.03
790,7,1.877215189873418,4.436708860759494,12.753164556962023,1.3634524612272423,6,hrg,2.5,2.0,1000,2,1.702,0.08
1127,3,1.7320319432120672,3.251109139307897,6.45430346051464,0.8770491803278688,3,config,2.5,2.0,1000,2,1.676,0.08
781,6,2.0435339308578744,5.229193341869399,15.979513444302176,1.55889724310777,5,hrg,2.5,2.0,1000,3,1.994,0.09
1208,3,1.8096026490066224,3.5082781456953644,7.144039735099337,0.9387008234217753,3,config,2.5,2.0,1000,3,1.954,0.09
2439,8,2.035670356703567,5.443624436244363,18.503075030750306,1.6741188318227596,7,hrg,2.5,2.0,3000,1,1.9973333333333334,0.47
3646,6,1.8049917718047175,3.5581459133296764,7.549917718047175,0.9712809603403738,5,config,2.5,2.0,3000,1,1.9446666666666668,0.48
2323,8,2.0279810589754628,5.207490314248816,16.29057253551442,1.567819995754617,7,hrg,2.5,2.0,3000,2,1.9886666666666666,0.07
3723,3,1.788074133763094,3.398603276927209,6.722804190169218,0.9007060237344151,3,config,2.5,2.0,3000,2,1.978,0.08
2395,6,1.893945720250522,4.539457202505219,13.20250521920668,1.3968253968253967,5,hrg,2.5,2.0,3000,3,1.752,0.15
3553,4,1.7289614410357446,3.2172811708415425,6.290177314945117,0.8608171902979,3,config,2.5,2.0,3000,3,1.74,0.15
7868,9,2.0353329944077276,5.271479410269445,16.628876461616677,1.5899837642063193,8,hrg,2.5,2.0,10000,1,2.0056,0.14
12539,5,1.7919291809554192,3.4298588404178965,6.879416221389266,0.9140593706885043,4,config,2.5,2.0,10000,1,1.9858,0.18
8082,8,2.038604305864885,5.348923533778767,17.528582034149963,1.6238164603058993,8,hrg,2.5,2.0,10000,2,2.018,0.05
12507,5,1.802750459742544,3.5008395298632764,7.205005197089631,0.9419434958087549,5,config,2.5,2.0,10000,2,1.9938,0.08
8090,9,2.0284301606922126,5.314215080346106,17.510506798516687,1.6198659354052403,8,hrg,2.5,2.0,10000,3,2.0162,0.24
12465,5,1.8048134777376654,3.5184115523465707,7.29265944645006,0.9494599279903988,5,config,2.5,2.0,10000,3,1.9868,0.28
24221,13,2.0317080219644112,5.423723215391603,18.840675446926223,1.669538711643975,12,hrg,2.5,2.0,30000,1,2.0044,0.37
37909,7,1.7979107863568018,3.502149885251524,7.32293123005091,0.9478997021582525,8,config,2.5,2.0,30000,1,1.9852,0.49
23727,10,2.04138744889788,5.292873098158216,16.845534623003328,1.5927822280948054,9,hrg,2.5,2.0,30000,2,2.0038,0.39
38121,4,1.7854725741717163,3.3753574145484118,6.6127331392146065,0.8904560413728257,4,config,2.5,2.0,30000,2,2.0002666666666666,0.52
24280,12,2.02833607907743,5.410296540362438,18.75494233937397,1.6673570500324888,11,hrg,2.5,2.0,30000,3,1.9968,0.62
37900,6,1.7964643799472295,3.4967810026385227,7.298891820580476,0.9464794524571867,7,config,2.5,2.0,30000,3,1.978,0.73
81416,14,2.0300923651370733,5.421096590350792,18.819200157217253,1.6703694292179438,13,hrg,2.5,2.0,100000,1,2.0069,2.05
125909,8,1.8017774742075625,3.5333931649048123,7.492268225464423,0.9610596843868466,9,config,2.5,2.0,100000,1,1.97752,2.61
80179,12,2.0303321318549745,5.324636126666584,17.563027725464277,1.6225443823330674,11,hrg,2.5,2.0,100000,2,1.99938,1.58
128366,6,1.7810011996946233,3.3815652119720174,6.719551906268015,0.8986877788469949,8,config,2.5,2.0,100000,2,1.99468,2.1
80884,13,2.0338138568814603,5.4405939369961915,19.027261263043375,1.675069755566767,12,hrg,2.5,2.0,100000,3,2.00202,1.52
127476,8,1.792823747215162,3.472967460541592,7.226787787505098,0.9371494079862783,9,config,2.5,2.0,100000,3,1.98918,2.06
242379,20,2.028306907776664,5.385825504684812,18.62509128266063,1.6553306523954525,19,hrg,2.5,2.0,300000,1,1.9961733333333334,2.92
384950,9,1.7863462787374984,3.433438108845305,7.0538615404598,0.922045098261626,12,config,2.5,2.0,300000,1,1.98862,5.62
242960,18,2.03304659203161,5.444958017780705,19.234075567994733,1.6782258897173596,18,hrg,2.5,2.0,300000,2,2.0040333333333336,5.71
382976,10,1.7951751545788772,3.4879914146056152,7.315975413602941,0.9429811100654681,11,config,2.5,2.0,300000,2,1.9900333333333333,8.55
242049,18,2.0273870166784413,5.396878318026515,18.965131027188708,1.6619872148872998,17,hrg,2.5,2.0,300000,3,1.9920133333333334,3.2
384714,10,1.7852794543479054,3.432289960854037,7.097729742094127,0.922550529831601,12,config,2.5,2.0,300000,3,1.9856933333333333,5.98
777,9,3.2805662805662803,13.82882882882883,69.45817245817246,3.21537857983523,8,hrg,2.5,4.0,1000,1,4.486,0.1
1916,5,2.164926931106472,5.034446764091858,12.674321503131525,1.3254580520732886,6,config,2.5,4.0,1000,1,4.256,0.1
776,9,3.07860824742268,11.952319587628867,54.5889175257732,2.882377563834241,8,hrg,2.5,4.0,1000,2,4.006,0.05
1744,6,2.1313073394495414,4.8755733944954125,12.063646788990827,1.2875975248856601,5,config,2.5,4.0,1000,2,3.784,0.05
744,8,3.098118279569893,11.727150537634408,51.67876344086021,2.78524945770065,7,hrg,2.5,4.0,1000,3,4.05,0.09
1844,5,2.0949023861171367,4.609002169197398,10.73047722342733,1.2001035464664769,5,config,2.5,4.0,1000,3,3.968,0.1
2322,10,3.0663221360895783,12.37123169681309,61.7743324720069,3.0345505617977517,9,hrg,2.5,4.0,3000,1,4.010666666666666,0.07
5501,7,2.100163606616978,4.720778040356299,11.515179058353025,1.2478144204968413,6,config,2.5,4.0,3000,1,3.8573333333333335,0.08
2296,11,3.060975609756098,11.843205574912892,55.414634146341456,2.869095048377916,10,hrg,2.5,4.0,3000,2,3.9753333333333334,0.08
5857,4,2.0083660577087246,4.161003926925047,8.885265494280349,1.0718354161353396,5,config,2.5,4.0,3000,2,3.9353333333333333,0.1
2322,9,2.7614125753660637,9.635658914728682,40.31438415159345,2.489394884591391,8,hrg,2.5,4.0,3000,3,3.4546666666666668,0.16
5197,4,1.990186646142005,4.132191649028285,8.929959592072349,1.0762834767475584,5,config,2.5,4.0,3000,3,3.421333333333333,0.17
7584,10,3.054061181434599,11.762658227848101,54.142668776371316,2.8514808738450914,9,hrg,2.5,4.0,10000,1,3.9694,0.18
19451,6,2.0257056192483676,4.267235617706031,9.39653488252532,1.106542815085529,6,config,2.5,4.0,10000,1,3.9156,0.23
7758,18,3.101314771848415,12.962877030162415,73.24748646558392,3.179800498753117,17,hrg,2.5,4.0,10000,2,4.0326,0.43
19338,8,2.1017168269727997,4.798272830696039,12.489243975592098,1.2830253672219079,11,config,2.5,4.0,10000,2,3.9552,0.47
7850,13,3.0538853503184717,12.094649681528663,59.92777070063695,2.960413798857047,12,hrg,2.5,4.0,10000,3,3.9976,0.29
19180,7,2.077215849843587,4.582638164754952,10.908602711157457,1.2061444240857404,8,config,2.5,4.0,10000,3,3.9168,0.35
23297,18,3.0768768510967077,12.58428123792763,67.90608232819677,3.0899528472977877,17,hrg,2.5,4.0,30000,1,4.015666666666666,0.52
59188,9,2.0613975805906604,4.513718997094005,10.7588024599581,1.1896401934267677,10,config,2.5,4.0,30000,1,3.9556666666666667,0.72
22845,13,3.076296782665791,12.014707813525936,57.42009192383453,2.905575002134381,13,hrg,2.5,4.0,30000,2,3.9992,0.57
61024,6,1.9869723387519664,4.046457131620346,8.448495673833245,1.0364939424179194,8,config,2.5,4.0,30000,2,3.985,0.76
23464,18,3.061413228775997,12.430148312308217,66.40099727241733,3.060264780811048,17,hrg,2.5,4.0,30000,3,3.981133333333333,0.77
59048,8,2.0615600867091177,4.540526351442894,11.053532719143748,1.2024710221718382,11,config,2.5,4.0,30000,3,3.9288,0.97
78439,19,3.065974833947398,12.43871033541988,65.902854447405,3.0570164496116305,18,hrg,2.5,4.0,100000,1,4.00672,2.87
195793,10,2.0793031415832024,4.653225600506658,11.709249053847685,1.2378774443459188,13,config,2.5,4.0,100000,1,3.92908,4.0
77542,21,3.066544582290888,12.229475639008538,62.27791390472261,2.988031254993986,20,hrg,2.5,4.0,100000,2,3.99564,2.28
204686,9,1.9978357093303891,4.146101834028707,9.105317413013102,1.0752966896453904,12,config,2.5,4.0,100000,2,3.9805,3.26
77852,20,3.0744617993115138,12.55658171915943,67.93838308585521,3.0841560373172685,19,hrg,2.5,4.0,100000,3,3.99908,2.2
200475,10,2.0410724529243045,4.442269609677017,10.840743234817309,1.1764389614452182,13,config,2.5,4.0,100000,3,3.96246,3.16
233627,27,3.0713016903012065,12.60995090464715,71.01511811562875,3.1057350192811812,26,hrg,2.5,4.0,300000,1,3.9903466666666665,5.32
612251,14,2.019537738607205,4.34567195480285,10.777769248233161,1.1518151761798165,19,config,2.5,4.0,300000,1,3.9679933333333333,10.09
234711,26,3.079340124663949,12.727179382304195,71.56182283744691,3.133086592275389,25,hrg,2.5,4.0,300000,2,4.00408,8.64
604820,12,2.044300783704243,4.47839357164115,11.210327039449753,1.19067253084273,17,config,2.5,4.0,300000,2,3.96476,13.75
233553,27,3.0721292383313425,12.629094894948897,71.3008482014789,3.1108605514944143,26,hrg,2.5,4.0,300000,3,3.9902333333333333,5.38
612684,13,2.0248692637640286,4.3995289578314445,11.225870105960007,1.1727471677125276,18,config,2.5,4.0,300000,3,3.9712666666666667,10.15
750,11,5.008,28.949333333333335,187.52000000000004,4.780617678381257,10,hrg,2.5,8.0,1000,1,7.93,0.04
3146,6,2.3286713286713288,5.834075015893197,16.073744437380803,1.505323505323505,7,config,2.5,8.0,1000,1,7.624,0.04
754,14,4.458885941644562,23.562334217506628,144.67108753315648,4.284354550862582,13,hrg,2.5,8.0,1000,2,6.786,0.09
2815,5,2.247602131438721,5.348134991119006,13.672113676731794,1.3794847479058014,7,config,2.5,8.0,1000,2,6.53,0.1
783,14,5.148148148148149,31.648786717752227,225.99872286079184,5.147606053088562,14,hrg,2.5,8.0,1000,3,8.046,0.05
3147,6,2.452494439148395,6.639974578964092,20.25611693676517,1.7074371598859805,8,config,2.5,8.0,1000,3,7.612,0.06
2391,13,5.11836051861146,31.640317858636553,226.98034295273945,5.1817290406929235,13,hrg,2.5,8.0,3000,1,7.994666666666666,0.13
9763,8,2.384205674485302,6.24715763597255,18.515312916111853,1.6202259741375604,10,config,2.5,8.0,3000,1,7.668,0.15
2348,16,5.057921635434412,31.2129471890971,227.64054514480407,5.171101380936341,15,hrg,2.5,8.0,3000,2,7.922666666666666,0.12
10339,6,2.2136570267917595,5.164619402263276,12.922429635361254,1.333071175776642,9,config,2.5,8.0,3000,2,7.770666666666667,0.14
2322,13,4.546511627906978,25.437984496124034,168.07881136950905,4.595055413469735,13,hrg,2.5,8.0,3000,3,6.852,0.18
9009,7,2.2221112221112227,5.2979242979242995,14.048285048285049,1.3841850242269844,9,config,2.5,8.0,3000,3,6.7026666666666666,0.21
7958,15,5.134455893440562,31.885649660718773,231.22769540085446,5.210132158590309,15,hrg,2.5,8.0,10000,1,8.0476,0.34
35452,9,2.2765147241340404,5.669158298544511,16.232624393546203,1.490279653561649,11,config,2.5,8.0,10000,1,7.879,0.43
8041,20,5.1795796542718575,34.41275960701406,288.1630394229573,5.643929025906985,20,hrg,2.5,8.0,10000,2,8.0268,0.14
34993,9,2.358414540050868,6.287314605778298,20.184208270225476,1.6659073284218682,13,config,2.5,8.0,10000,2,7.8228,0.65
8005,23,5.128794503435354,33.73191755153029,283.28594628357274,5.576968043647698,22,hrg,2.5,8.0,10000,3,7.9316,0.4
34325,9,2.396300072833212,6.512891478514202,21.212614712308813,1.7178947880320474,14,config,2.5,8.0,10000,3,7.6904,0.49
23938,29,5.160456178461024,35.14382989389255,319.45037179380057,5.810217678153662,28,hrg,2.5,8.0,30000,1,7.9424,0.85
107760,11,2.3195063103192286,6.068856718634002,19.22724573125464,1.6164432886577313,16,config,2.5,8.0,30000,1,7.7866,1.23
23495,20,5.143136837625026,32.91491806767397,257.37424984039154,5.399774905245039,19,hrg,2.5,8.0,30000,2,7.9901333333333335,0.98
113002,9,2.131988814357268,4.782738358613122,11.764313905948567,1.2433224444730384,13,config,2.5,8.0,30000,2,7.9404,1.42
23993,27,5.159879964989789,34.880298420372604,311.82407368815905,5.7599050088448385,26,hrg,2.5,8.0,30000,3,7.943533333333333,1.19
107221,12,2.3148730192779396,6.16247749974352,21.04172690051389,1.6621233425865123,17,config,2.5,8.0,30000,3,7.795466666666667,1.59
79982,29,5.135818059063291,34.358293115951085,301.62427796254156,5.689935803959848,28,hrg,2.5,8.0,100000,1,7.95778,4.91
356631,14,2.3090168829967106,6.072985803253221,20.412821655997373,1.63011753962211,19,config,2.5,8.0,100000,1,7.76324,7.14
79759,29,5.157173485123936,34.287478529068814,296.84711443222704,5.648502057953326,29,hrg,2.5,8.0,100000,2,7.9843,4.02
380811,12,2.1675713149042437,5.155252868220719,14.980793622032978,1.3783544434146848,19,config,2.5,8.0,100000,2,7.9379,5.96
79738,30,5.173355238405779,35.36776693671774,327.0081391557351,5.836523939851592,30,hrg,2.5,8.0,100000,3,7.96672,3.78
367313,15,2.2579081056210915,5.863029623236858,20.258234802470916,1.5966644119132969,21,config,2.5,8.0,100000,3,7.85778,5.79
239146,41,5.183456967710103,35.99653349836502,358.1718322698268,5.944503199814778,41,hrg,2.5,8.0,300000,1,7.967,10.68
1141668,18,2.2387786992365557,6.08617041031193,26.22503039412509,1.7185225642835404,28,config,2.5,8.0,300000,1,7.90246,20.02
239690,37,5.197759606157954,36.2128624473278,352.62872460261167,5.967013711912581,36,hrg,2.5,8.0,300000,2,7.991933333333333,16.64
1117935,16,2.2522508017013507,5.8882546838590795,21.394345825115057,1.6143867634151094,26,config,2.5,8.0,300000,2,7.884886666666667,27.09
239391,41,5.198457753215451,36.636724020535446,378.66279851790586,6.047614073207422,40,hrg,2.5,8.0,300000,3,7.977246666666667,10.88
1141244,18,2.242792076015296,6.231008443417884,29.04392487496101,1.7782372294128739,29,config,2.5,8.0,300000,3,7.91804,20.24
688,6,2.114825581395349,5.489825581395349,16.765988372093023,1.595876288659794,5,hrg,2.9,2.0,1000,1,2.016,0.03
1197,3,1.8329156223893066,3.517126148705096,6.940685045948204,0.9188696444849589,2,config,2.9,2.0,1000,1,2.01,0.04
699,7,2.111587982832618,5.447782546494993,16.429184549356226,1.5799457994579948,6,hrg,2.9,2.0,1000,2,2.012,0.03
1207,3,1.8243579121789564,3.4830157415078706,6.830157415078708,0.909173478655767,2,config,2.9,2.0,1000,2,2.002,0.03
710,7,2.108450704225352,5.415492957746478,16.500000000000004,1.5684702738810952,6,hrg,2.9,2.0,1000,3,1.996,0.01
1172,3,1.8361774744027304,3.532423208191126,6.996587030716723,0.9237918215613383,2,config,2.9,2.0,1000,3,1.978,0.01
2146,6,2.091798695246971,5.410531220876048,16.54939422180801,1.5865448875027846,5,hrg,2.9,2.0,3000,1,2.0153333333333334,0.11
3669,3,1.816298718997002,3.4636140637775963,6.802398473698555,0.9069627851140458,3,config,2.9,2.0,3000,1,2.010666666666667,0.11
2128,6,2.101503759398496,5.467105263157894,16.847744360902254,1.6015205724508048,5,hrg,2.9,2.0,3000,2,2.0046666666666666,0.06
3672,3,1.8148148148148149,3.4515250544662313,6.746187363834423,0.9018607442977191,2,config,2.9,2.0,3000,2,2.002,0.07
2164,6,2.091497227356747,5.28373382624769,15.519408502772643,1.5262925320371186,5,hrg,2.9,2.0,3000,3,1.9853333333333334,0.07
3452,3,1.8398030127462341,3.5715527230590967,7.191483198146003,0.9412690914816566,3,config,2.9,2.0,3000,3,1.9486666666666668,0.08
7109,8,2.099310732873822,5.44099029399353,16.761288507525673,1.5917984454569822,7,hrg,2.9,2.0,10000,1,2.0038,0.15
12192,3,1.8180774278215224,3.45997375328084,6.760990813648294,0.9030948299196968,3,config,2.9,2.0,10000,1,2.0006,0.18
7164,8,2.0939419318816306,5.415549972082634,16.634142936906755,1.586294247050196,7,hrg,2.9,2.0,10000,2,1.9982,0.7
12193,3,1.815549905683589,3.4548511440990737,6.758057902074961,0.902922708587433,3,config,2.9,2.0,10000,2,1.9942,0.73
7289,7,2.068184936205241,5.259569213883935,15.760598161613393,1.5430845771144281,6,hrg,2.9,2.0,10000,3,1.9826,0.16
12097,4,1.812515499710672,3.4597007522526244,6.8210300074398615,0.9087840919456351,3,config,2.9,2.0,10000,3,1.9738,0.19
21477,8,2.0942869115798297,5.420077291986777,16.6072077105741,1.5880299695413416,7,hrg,2.9,2.0,30000,1,2.0087333333333333,0.35
36937,4,1.813872268998565,3.446544115656388,6.726832173701166,0.9001029866117407,3,config,2.9,2.0,30000,1,2.0074,0.46
21402,8,2.0948976731146622,5.400383141762452,16.424025791982057,1.5778744284599084,7,hrg,2.9,2.0,30000,2,2.0029333333333335,0.15
36804,3,1.8152374741875883,3.447777415498315,6.719052276926421,0.8993533708537897,3,config,2.9,2.0,30000,2,2.0026,0.27
21562,9,2.098877655134032,5.425841758649476,16.5673870698451,1.5851157857521656,8,hrg,2.9,2.0,30000,3,2.0132,0.39
36978,3,1.8150521931959542,3.4478068040456487,6.721266699118394,0.8995634489026625,3,config,2.9,2.0,30000,3,2.0116666666666667,0.52
72162,8,2.0935949668800755,5.415537263379617,16.62872425930545,1.5867167952977925,7,hrg,2.9,2.0,100000,1,2.00956,1.2
123518,3,1.8127641315435807,3.4395391764763033,6.69682961187843,0.8974002831507444,3,config,2.9,2.0,100000,1,2.00904,1.73
71421,9,2.085059016255723,5.368967110513715,16.391691519301048,1.5749712927335362,8,hrg,2.9,2.0,100000,2,1.98238,0.66
122175,3,1.8107959893595253,3.4334683855125845,6.682054430120728,0.8961100011752261,3,config,2.9,2.0,100000,2,1.98208,1.18
71664,10,2.093882563072114,5.418229515516856,16.651233534271043,1.5876472783494164,9,hrg,2.9,2.0,100000,3,2.00286,1.44
122932,4,1.813775095174568,3.4439283506328704,6.7121904792893625,0.8987626193540867,3,config,2.9,2.0,100000,3,2.00222,1.96
215035,8,2.0909526356174575,5.390620131606482,16.438886692863953,1.5780689814691256,7,hrg,2.9,2.0,300000,1,2.000653333333333,2.92
368868,3,1.8131824934664975,3.440545127254194,6.698263335393691,0.8975172877808097,3,config,2.9,2.0,300000,1,2.0004,5.67
215358,9,2.0890192145172226,5.377998495528376,16.368990239508165,1.5744131304083027,8,hrg,2.9,2.0,300000,2,1.9955066666666668,5.59
368370,3,1.8122784157233216,3.4375736352037354,6.690379238265874,0.896824243658898,3,config,2.9,2.0,300000,2,1.99534,8.39
214837,11,2.092302536341505,5.391538701434111,16.4444113444146,1.57684469993593,10,hrg,2.9,2.0,300000,3,2.0004333333333335,3.09
368207,3,1.8145771264533266,3.4446493412672763,6.707547656617066,0.8983207112281857,3,config,2.9,2.0,300000,3,2.000226666666667,5.87
644,8,3.1754658385093166,12.004658385093169,51.51086956521739,2.7804400977995116,7,hrg,2.9,4.0,1000,1,3.994,0.04
1935,3,2.0036175710594315,4.086304909560724,8.478036175710594,1.03946350270828,4,config,2.9,4.0,1000,1,3.956,0.04
688,7,3.1279069767441863,11.479651162790699,47.55232558139535,2.670074349442379,6,hrg,2.9,4.0,1000,2,3.982,0.03
1861,4,2.036002149382053,4.244492208490059,9.077377753895755,1.084718923198733,3,config,2.9,4.0,1000,2,3.916,0.03
714,9,3.1260504201680672,11.4593837535014,47.83193277310924,2.6657706093189963,8,hrg,2.9,4.0,1000,3,4.028,0.04
1796,5,2.0835189309576836,4.492204899777283,10.08129175946548,1.1560662747194015,4,config,2.9,4.0,1000,3,3.878,0.04
2087,10,3.282223287014854,12.849065644465739,57.9664590321035,2.9147445255474445,9,hrg,2.9,4.0,3000,1,4.354666666666667,0.14
6185,5,2.047696038803557,4.306063055780112,9.345675020210185,1.102881958152388,4,config,2.9,4.0,3000,1,4.296666666666667,0.15
2019,8,3.168895492818227,12.100049529470034,53.40960871718673,2.818380743982494,8,hrg,2.9,4.0,3000,2,4.036,0.07
6084,3,1.9812623274161734,3.97008547008547,8.02662721893491,1.0038161606105858,4,config,2.9,4.0,3000,2,4.017333333333333,0.09
2042,8,3.126836434867777,11.493143976493634,47.96523016650343,2.675646045418951,7,hrg,2.9,4.0,3000,3,3.985333333333333,0.08
5550,4,2.0583783783783782,4.358558558558558,9.522162162162163,1.117471988795518,4,config,2.9,4.0,3000,3,3.8906666666666667,0.1
6778,9,3.1451755680141633,11.73325464738861,49.72263204485099,2.7305563373674833,8,hrg,2.9,4.0,10000,1,3.9884,0.17
20251,3,1.977334452619624,3.954520764406696,7.976445607624314,0.999925080538421,4,config,2.9,4.0,10000,1,3.9802,0.22
6777,10,3.176331710196252,12.017411834144902,52.17411834144901,2.783424695716808,9,hrg,2.9,4.0,10000,2,4.0322,0.45
20247,4,1.989578703017731,4.011507877710278,8.18901565664049,1.0162599607774991,4,config,2.9,4.0,10000,2,4.021,0.5
6820,11,3.1331378299120236,11.656598240469208,49.48621700879766,2.720423062523399,10,hrg,2.9,4.0,10000,3,3.9902,0.2
19728,5,2.0042072181670725,4.095042579075425,8.541311841038118,1.0432231467664832,4,config,2.9,4.0,10000,3,3.9582,0.27
20317,10,3.144509524043904,11.834276714081804,51.15484569572279,2.7634730070280344,9,hrg,2.9,4.0,30000,1,3.997333333333333,0.48
61248,4,1.9755747126436785,3.946381922675026,7.949026907001046,0.9975867768595037,4,config,2.9,4.0,30000,1,3.9919333333333333,0.66
20301,11,3.1402393970740357,11.727205556376534,50.03487512930398,2.734494117647059,10,hrg,2.9,4.0,30000,2,3.9910666666666668,0.24
61376,4,1.972823253388947,3.928669186652763,7.871154848800834,0.9913944038849063,4,config,2.9,4.0,30000,2,3.9887333333333332,0.44
20444,11,3.155351203287028,11.885247505380551,51.27861475249462,2.7666956036460593,10,hrg,2.9,4.0,30000,3,4.0262,0.53
61825,4,1.9737808329963606,3.9363849575414473,7.907399919126567,0.9943374115988821,4,config,2.9,4.0,30000,3,4.023133333333333,0.72
68218,11,3.1523498196956816,11.891128441173883,51.6003840628573,2.772147484038373,10,hrg,2.9,4.0,100000,1,4.01668,1.78
206379,4,1.9714408927264886,3.9232092412503206,7.853987082019004,0.9900212355971527,5,config,2.9,4.0,100000,1,4.01448,2.75
67474,12,3.136215431129027,11.758944185908646,50.62508521800989,2.7494057548449296,11,hrg,2.9,4.0,100000,2,3.9658,1.08
204289,4,1.9690879097748777,3.9117182031337956,7.810371581436102,0.9865635169031206,4,config,2.9,4.0,100000,2,3.96456,2.06
67651,15,3.1496060664291723,11.867792050376197,51.49984479165127,2.7680242544843594,14,hrg,2.9,4.0,100000,3,3.99794,2.06
205258,5,1.9721618645801868,3.9268043145699556,7.868185405684552,0.9911166446806092,4,config,2.9,4.0,100000,3,3.99594,3.03
203208,11,3.150732254635644,11.854267548521713,51.159058698476436,2.7623849284815094,10,hrg,2.9,4.0,300000,1,4.004353333333333,4.91
619090,5,1.9693824807378573,3.912179166195545,7.810032467008028,0.9865004408538209,5,config,2.9,4.0,300000,1,4.00348,9.52
203713,12,3.1430983786012674,11.796586373967296,50.81902480450437,2.7531712192912585,11,hrg,2.9,4.0,300000,2,3.990213333333333,7.99
617436,4,1.9686785351032332,3.9091517177488844,7.799592184453125,0.9856729517010236,5,config,2.9,4.0,300000,2,3.9895733333333334,12.54
202926,14,3.1452352088938818,11.81147807575175,50.955944531504095,2.7553560517038784,13,hrg,2.9,4.0,300000,3,3.9933666666666667,5.23
617305,5,1.969624415807421,3.9132762572796267,7.814177756538502,0.9868134380713554,5,config,2.9,4.0,300000,3,3.99256,9.88
668,12,5.184131736526945,30.881736526946106,205.16017964071858,4.956973722206181,11,hrg,2.9,8.0,1000,1,8.012,0.05
3518,4,2.0992040932347926,4.501137009664583,9.91898806139852,1.1442112389979693,6,config,2.9,8.0,1000,1,7.926,0.05
682,11,5.202346041055719,30.322580645161292,193.78005865102637,4.828635851183765,10,hrg,2.9,8.0,1000,2,8.07,0.04
3506,4,2.118368511123788,4.595265259555049,10.27467199087279,1.1692473407836275,5,config,2.9,8.0,1000,2,7.96,0.05
691,11,5.102749638205499,29.2561505065123,183.87843704775688,4.733408961996596,10,hrg,2.9,8.0,1000,3,8.0,0.01
3390,4,2.167846607669617,4.858702064896756,11.348377581120944,1.2412573139202614,5,config,2.9,8.0,1000,3,7.84,0.02
2083,13,5.131541046567452,30.24435909745559,199.45607297167547,4.893816072597996,12,hrg,2.9,8.0,3000,1,8.052,0.16
10973,4,2.0887633281691422,4.454388043379204,9.766335550897658,1.1325479930191977,6,config,2.9,8.0,3000,1,7.962666666666666,0.19
2115,12,5.074704491725768,28.998108747044917,182.30023640661938,4.71424578403056,11,hrg,2.9,8.0,3000,2,7.926666666666667,0.11
10815,5,2.103559870550162,4.536107258437355,10.125196486361537,1.156395604395604,6,config,2.9,8.0,3000,2,7.8533333333333335,0.13
2079,14,5.0519480519480515,28.71043771043771,179.6868686868687,4.683042940112349,13,hrg,2.9,8.0,3000,3,7.9446666666666665,0.1
10254,5,2.206846108835576,5.058611273649308,12.141895845523699,1.292235626850502,6,config,2.9,8.0,3000,3,7.685333333333333,0.13
6921,12,5.113422915763619,29.676347348649035,190.74584597601506,4.803616840915511,11,hrg,2.9,8.0,10000,1,8.0404,0.26
38542,4,2.0389704737688756,4.199730164495874,8.774376005396709,1.059730740844425,6,config,2.9,8.0,10000,1,8.0122,0.35
7123,12,5.1037484206092945,29.652674434929104,191.38509055173384,4.80997964460582,11,hrg,2.9,8.0,10000,2,7.9912,0.29
37297,5,2.081963696812076,4.431160683164866,9.741668230688795,1.1283563637300231,7,config,2.9,8.0,10000,2,7.9222,0.37
7195,13,5.131897150799166,29.65753995830438,188.47505211952745,4.779059690174412,12,hrg,2.9,8.0,10000,3,8.042,0.73
37071,6,2.102883655687734,4.539181570499852,10.172803539154593,1.1585509774744729,6,config,2.9,8.0,10000,3,7.9476,0.82
21268,14,5.113927026518713,29.790060184314466,193.062206131277,4.825280656105479,13,hrg,2.9,8.0,30000,1,7.976466666666667,0.76
115907,5,2.0322413659226792,4.167970873200065,8.662591560475207,1.0509231546459152,7,config,2.9,8.0,30000,1,7.956066666666667,1.13
21074,14,5.117965265255765,29.75505362057511,191.53165037486946,4.8138443851060675,13,hrg,2.9,8.0,30000,2,7.9886,0.51
117194,4,2.017244910148984,4.0905421779271975,8.356170111097837,1.0277865901890366,6,config,2.9,8.0,30000,2,7.978133333333333,0.88
21238,14,5.147047744608721,30.08706092852434,195.07029852151805,4.845498705551946,13,hrg,2.9,8.0,30000,3,8.056466666666667,0.89
117671,5,2.024551503768983,4.129097228713957,8.51257319135556,1.0395120702175618,7,config,2.9,8.0,30000,3,8.041133333333333,1.26
71190,15,5.147464531535329,30.175895490939745,196.7268155639837,4.862283325328559,14,hrg,2.9,8.0,100000,1,8.04602,3.07
396655,6,2.014365128386129,4.078062800166391,8.318785846642548,1.0244903680563895,8,config,2.9,8.0,100000,1,8.0387,4.91
70367,15,5.085835690025154,29.469566700299858,189.7604416843123,4.7944393992315755,14,hrg,2.9,8.0,100000,2,7.93234,2.21
392852,4,2.00733100506043,4.0406921690611215,8.164626882388278,1.0129675468941794,6,config,2.9,8.0,100000,2,7.92778,4.03
70814,16,5.079094529330359,29.353390572485665,188.51900754088174,4.779256598391307,15,hrg,2.9,8.0,100000,3,7.92366,3.26
390743,6,2.01313395249563,4.071330772400274,8.29083566436251,1.0223844356472904,7,config,2.9,8.0,100000,3,7.9163,5.23
212345,15,5.1188867173703185,29.78916386069839,192.43948291695122,4.819461438678159,14,hrg,2.9,8.0,300000,1,8.004566666666667,9.1
1193376,6,2.0056956064140725,4.032691289249993,8.13562280454777,1.0106197951243105,8,config,2.9,8.0,300000,1,8.001353333333334,18.15
211787,17,5.110851940865115,29.696156987917103,191.63819309022742,4.8104123014157265,16,hrg,2.9,8.0,300000,2,7.9812666666666665,14.77
1191568,5,2.003575960415184,4.021842647670969,8.092908671599103,1.0073322534961724,7,config,2.9,8.0,300000,2,7.978906666666667,24.47
212422,19,5.108458634228093,29.65665985632373,191.1454604513657,4.8054027603582545,18,hrg,2.9,8.0,300000,3,7.9877666666666665,10.81
1191267,6,2.005286808079129,4.03066482996675,8.128145915231432,1.010019122315844,8,config,2.9,8.0,300000,3,7.984586666666667,20.2
