n,seed,alpha,nsol,nclusters,cluster,size,frozen,free,nblocks,product,largest_block,entropy,block_entropy,ctrl_nblocks,ctrl_product,finest_nblocks,finest_largest,ctrl_finest_nblocks
16,0,3.5,12,2,0,6,13,3,2,1,2,1.791759469228055,1.791759469228055,3,0,2,2,1
16,0,3.5,12,2,1,6,13,3,2,1,2,1.791759469228055,1.791759469228055,3,0,2,2,1
16,1,3.5,2,1,0,2,15,1,1,1,1,0.6931471805599453,0.6931471805599453,1,1,1,1,1
16,2,3.5,80,4,0,2,15,1,1,1,1,0.6931471805599453,0.6931471805599453,1,1,1,1,1
16,2,3.5,80,4,1,20,9,7,2,1,6,2.995732273553991,2.9957322735539913,7,0,2,6,1
16,2,3.5,80,4,2,2,15,1,1,1,1,0.6931471805599453,0.6931471805599453,1,1,1,1,1
16,2,3.5,80,4,3,56,6,10,1,1,10,4.02535169073515,4.02535169073515,10,0,1,10,1
16,3,3.5,150,1,0,150,1,15,1,1,15,5.0106352940962555,5.0106352940962555,15,0,1,15,1
16,4,3.5,18,4,0,6,13,3,2,1,2,1.791759469228055,1.791759469228055,2,1,2,2,2
16,4,3.5,18,4,2,5,13,3,1,1,3,1.6094379124341003,1.6094379124341003,1,1,1,3,1
16,4,3.5,18,4,3,6,13,3,2,1,2,1.791759469228055,1.791759469228055,2,1,2,2,2
16,5,3.5,16,2,0,12,12,4,3,1,2,2.4849066497880004,2.4849066497880004,4,0,3,2,1
16,5,3.5,16,2,1,4,14,2,2,1,1,1.3862943611198906,1.3862943611198906,2,1,2,1,2
16,6,3.5,26,3,0,12,12,4,3,1,2,2.4849066497880004,2.4849066497880004,4,0,3,2,1
16,6,3.5,26,3,1,4,13,3,1,1,3,1.3862943611198906,1.3862943611198906,1,1,1,3,1
16,6,3.5,26,3,2,10,12,4,2,1,3,2.302585092994046,2.3025850929940455,2,1,2,3,2
16,7,3.5,41,5,0,16,8,8,1,1,8,2.772588722239781,2.772588722239781,8,0,1,8,1
16,7,3.5,41,5,2,19,10,6,1,1,6,2.9444389791664403,2.9444389791664403,6,0,1,6,1
16,7,3.5,41,5,3,3,14,2,1,1,2,1.0986122886681098,1.0986122886681098,1,1,1,2,1
16,7,3.5,41,5,4,2,15,1,1,1,1,0.6931471805599453,0.6931471805599453,1,1,1,1,1
16,8,3.5,22,4,0,9,12,4,2,1,2,2.1972245773362196,2.1972245773362196,4,0,2,2,1
16,8,3.5,22,4,1,6,13,3,2,1,2,1.791759469228055,1.791759469228055,3,0,2,2,1
16,8,3.5,22,4,2,3,14,2,1,1,2,1.0986122886681098,1.0986122886681098,1,1,1,2,1
16,8,3.5,22,4,3,4,13,3,1,1,3,1.3862943611198906,1.3862943611198906,1,1,1,3,1
16,9,3.5,21,2,0,20,8,8,1,1,8,2.995732273553991,2.995732273553991,8,0,1,8,1
16,10,3.5,37,2,0,33,7,9,1,1,9,3.4965075614664802,3.4965075614664802,9,0,1,9,1
16,10,3.5,37,2,1,4,14,2,2,1,1,1.3862943611198906,1.3862943611198906,2,1,2,1,2
16,11,3.5,60,3,0,48,6,10,1,1,10,3.871201010907891,3.871201010907891,10,0,1,10,1
16,11,3.5,60,3,1,6,13,3,2,1,2,1.791759469228055,1.791759469228055,2,1,2,2,2
16,11,3.5,60,3,2,6,12,4,1,1,4,1.791759469228055,1.791759469228055,2,0,1,4,1
16,12,3.5,35,4,0,3,14,2,1,1,2,1.0986122886681098,1.0986122886681098,1,1,1,2,1
16,12,3.5,35,4,1,2,15,1,1,1,1,0.6931471805599453,0.6931471805599453,1,1,1,1,1
16,12,3.5,35,4,2,12,11,5,1,1,5,2.4849066497880004,2.4849066497880004,4,0,1,5,1
16,12,3.5,35,4,3,18,11,5,3,1,2,2.8903717578961645,2.890371757896165,5,0,3,2,1
16,13,3.5,6,1,0,6,13,3,2,1,2,1.791759469228055,1.791759469228055,3,0,2,2,1
16,14,3.5,24,4,0,4,13,3,1,1,3,1.3862943611198906,1.3862943611198906,1,1,1,3,1
16,14,3.5,24,4,1,2,15,1,1,1,1,0.6931471805599453,0.6931471805599453,1,1,1,1,1
16,14,3.5,24,4,3,17,7,9,1,1,9,2.833213344056216,2.833213344056216,7,0,1,9,1
16,15,3.5,13,4,0,4,14,2,2,1,1,1.3862943611198906,1.3862943611198906,2,1,2,1,2
16,15,3.5,13,4,1,6,13,3,2,1,2,1.791759469228055,1.791759469228055,3,0,2,2,1
16,15,3.5,13,4,2,2,15,1,1,1,1,0.6931471805599453,0.6931471805599453,1,1,1,1,1
16,16,3.5,6,2,0,2,15,1,1,1,1,0.6931471805599453,0.6931471805599453,1,1,1,1,1
16,16,3.5,6,2,1,4,13,3,1,1,3,1.3862943611198906,1.3862943611198906,1,1,1,3,1
16,17,3.5,40,3,0,32,4,12,2,0,11,3.4657359027997265,3.7841896339182615,12,0,1,12,1
16,17,3.5,40,3,1,4,14,2,2,1,1,1.3862943611198906,1.3862943611198906,2,1,2,1,2
16,17,3.5,40,3,2,4,14,2,2,1,1,1.3862943611198906,1.3862943611198906,2,1,2,1,2
16,18,3.5,45,4,0,32,2,14,1,1,14,3.4657359027997265,3.4657359027997265,14,0,1,14,1
16,18,3.5,45,4,1,6,13,3,2,1,2,1.791759469228055,1.791759469228055,2,1,2,2,2
16,18,3.5,45,4,2,5,12,4,1,1,4,1.6094379124341003,1.6094379124341003,1,1,1,4,1
16,18,3.5,45,4,3,2,15,1,1,1,1,0.6931471805599453,0.6931471805599453,1,1,1,1,1
16,19,3.5,26,4,0,3,14,2,1,1,2,1.0986122886681098,1.0986122886681098,1,1,1,2,1
16,19,3.5,26,4,1,17,10,6,2,0,4,2.833213344056216,3.044522437723423,5,0,1,6,1
16,19,3.5,26,4,2,2,15,1,1,1,1,0.6931471805599453,0.6931471805599453,1,1,1,1,1
16,19,3.5,26,4,3,4,14,2,2,1,1,1.3862943611198906,1.3862943611198906,2,1,2,1,2
16,20,3.5,167,6,0,46,6,10,1,1,10,3.828641396489095,3.828641396489095,10,0,1,10,1
16,20,3.5,167,6,1,6,13,3,2,1,2,1.791759469228055,1.791759469228055,3,0,2,2,1
16,20,3.5,167,6,2,42,9,7,4,0,2,3.7376696182833684,3.9889840465642745,7,0,2,5,1
16,20,3.5,167,6,3,56,7,9,3,0,5,4.02535169073515,4.2484952420493585,9,0,2,5,1
16,20,3.5,167,6,4,16,9,7,1,1,7,2.772588722239781,2.772588722239781,6,0,1,7,1
16,21,3.5,175,1,0,175,3,13,5,0,9,5.1647859739235145,6.664409020350408,13,0,1,13,1
16,22,3.5,58,6,0,13,10,6,1,1,6,2.5649493574615367,2.5649493574615367,4,0,1,6,1
16,22,3.5,58,6,1,12,11,5,2,1,4,2.4849066497880004,2.4849066497880004,5,0,2,4,1
16,22,3.5,58,6,2,4,13,3,1,1,3,1.3862943611198906,1.3862943611198906,1,1,1,3,1
16,22,3.5,58,6,3,22,8,8,1,1,8,3.091042453358316,3.091042453358316,8,0,1,8,1
16,22,3.5,58,6,5,6,13,3,2,1,2,1.791759469228055,1.791759469228055,2,1,2,2,2
16,23,3.5,44,2,0,42,6,10,1,1,10,3.7376696182833684,3.7376696182833684,10,0,1,10,1
16,23,3.5,44,2,1,2,15,1,1,1,1,0.6931471805599453,0.6931471805599453,1,1,1,1,1
16,24,3.5,30,2,0,28,7,9,2,1,8,3.332204510175204,3.332204510175204,9,0,2,8,1
16,24,3.5,30,2,1,2,15,1,1,1,1,0.6931471805599453,0.6931471805599453,1,1,1,1,1
16,25,3.5,77,1,0,77,3,13,1,1,13,4.343805421853684,4.343805421853684,13,0,1,13,1
16,26,3.5,56,3,0,10,10,6,1,1,6,2.302585092994046,2.302585092994046,5,0,1,6,1
16,26,3.5,56,3,1,44,7,9,1,1,9,3.784189633918261,3.784189633918261,9,0,1,9,1
16,26,3.5,56,3,2,2,15,1,1,1,1,0.6931471805599453,0.6931471805599453,1,1,1,1,1
16,27,3.5,10,2,0,4,14,2,2,1,1,1.3862943611198906,1.3862943611198906,2,1,2,1,2
16,27,3.5,10,2,1,6,13,3,2,1,2,1.791759469228055,1.791759469228055,2,1,2,2,2
16,28,3.5,8,4,0,4,14,2,2,1,1,1.3862943611198906,1.3862943611198906,2,1,2,1,2
16,28,3.5,8,4,1,2,15,1,1,1,1,0.6931471805599453,0.6931471805599453,1,1,1,1,1
16,29,3.5,29,4,0,21,8,8,1,1,8,3.044522437723423,3.044522437723423,8,0,1,8,1
16,29,3.5,29,4,1,2,15,1,1,1,1,0.6931471805599453,0.6931471805599453,1,1,1,1,1
16,29,3.5,29,4,2,5,13,3,1,1,3,1.6094379124341003,1.6094379124341003,2,0,1,3,1
16,0,3.8,17,1,0,17,8,8,1,1,8,2.833213344056216,2.833213344056216,8,0,1,8,1
16,1,3.8,35,4,0,22,10,6,3,0,4,3.091042453358316,3.332204510175204,6,0,1,6,1
16,1,3.8,35,4,1,5,13,3,1,1,3,1.6094379124341003,1.6094379124341003,1,1,1,3,1
16,1,3.8,35,4,2,7,12,4,1,1,4,1.9459101490553132,1.9459101490553132,4,0,1,4,1
16,2,3.8,7,3,0,2,15,1,1,1,1,0.6931471805599453,0.6931471805599453,1,1,1,1,1
16,2,3.8,7,3,1,4,14,2,2,1,1,1.3862943611198906,1.3862943611198906,2,1,2,1,2
16,3,3.8,5,3,1,2,15,1,1,1,1,0.6931471805599453,0.6931471805599453,1,1,1,1,1
16,3,3.8,5,3,2,2,15,1,1,1,1,0.6931471805599453,0.6931471805599453,1,1,1,1,1
16,4,3.8,4,1,0,4,14,2,2,1,1,1.3862943611198906,1.3862943611198906,2,1,2,1,2
16,5,3.8,78,5,0,42,6,10,1,1,10,3.7376696182833684,3.7376696182833684,10,0,1,10,1
16,5,3.8,78,5,1,28,8,8,1,1,8,3.332204510175204,3.332204510175204,8,0,1,8,1
16,5,3.8,78,5,2,3,14,2,1,1,2,1.0986122886681098,1.0986122886681098,1,1,1,2,1
16,5,3.8,78,5,3,4,14,2,2,1,1,1.3862943611198906,1.3862943611198906,2,1,2,1,2
16,6,3.8,90,2,0,78,6,10,3,0,8,4.356708826689592,4.430816798843313,10,0,1,10,1
16,6,3.8,90,2,1,12,12,4,3,1,2,2.4849066497880004,2.4849066497880004,4,0,3,2,1
16,7,3.8,2,1,0,2,15,1,1,1,1,0.6931471805599453,0.6931471805599453,1,1,1,1,1
16,8,3.8,7,2,0,3,14,2,1,1,2,1.0986122886681098,1.0986122886681098,1,1,1,2,1
16,8,3.8,7,2,1,4,14,2,2,1,1,1.3862943611198906,1.3862943611198906,2,1,2,1,2
16,10,3.8,2,1,0,2,15,1,1,1,1,0.6931471805599453,0.6931471805599453,1,1,1,1,1
16,11,3.8,6,1,0,6,12,4,1,1,4,1.791759469228055,1.791759469228055,4,0,1,4,1
16,12,3.8,107,2,0,86,5,11,2,0,10,4.454347296253507,4.543294782270004,11,0,1,11,1
16,12,3.8,107,2,1,21,9,7,1,1,7,3.044522437723423,3.044522437723423,7,0,1,7,1
16,13,3.8,4,2,0,2,15,1,1,1,1,0.6931471805599453,0.6931471805599453,1,1,1,1,1
16,13,3.8,4,2,1,2,15,1,1,1,1,0.6931471805599453,0.6931471805599453,1,1,1,1,1
16,14,3.8,22,1,0,22,9,7,1,1,7,3.091042453358316,3.091042453358316,6,0,1,7,1
16,15,3.8,5,2,0,3,14,2,1,1,2,1.0986122886681098,1.0986122886681098,1,1,1,2,1
16,15,3.8,5,2,1,2,15,1,1,1,1,0.6931471805599453,0.6931471805599453,1,1,1,1,1
16,17,3.8,11,3,0,8,11,5,1,1,5,2.0794415416798357,2.0794415416798357,2,0,1,5,1
16,17,3.8,11,3,2,2,15,1,1,1,1,0.6931471805599453,0.6931471805599453,1,1,1,1,1
16,18,3.8,49,4,0,20,10,6,2,1,5,2.995732273553991,2.9957322735539913,6,0,2,5,1
16,18,3.8,49,4,1,15,11,5,3,0,3,2.70805020110221,2.995732273553991,5,0,1,5,1
16,18,3.8,49,4,2,6,12,4,1,1,4,1.791759469228055,1.791759469228055,1,1,1,4,1
16,18,3.8,49,4,3,8,11,5,1,1,5,2.0794415416798357,2.0794415416798357,1,1,1,5,1
16,19,3.8,20,3,0,5,12,4,1,1,4,1.6094379124341003,1.6094379124341003,1,1,1,4,1
16,19,3.8,20,3,1,4,13,3,1,1,3,1.3862943611198906,1.3862943611198906,1,1,1,3,1
16,19,3.8,20,3,2,11,10,6,1,1,6,2.3978952727983707,2.3978952727983707,5,0,1,6,1
16,20,3.8,50,3,0,8,11,5,1,1,5,2.0794415416798357,2.0794415416798357,1,1,1,5,1
16,20,3.8,50,3,1,12,8,8,1,1,8,2.4849066497880004,2.4849066497880004,6,0,1,8,1
16,20,3.8,50,3,2,30,6,10,1,1,10,3.4011973816621555,3.4011973816621555,10,0,1,10,1
16,21,3.8,9,2,0,5,12,4,1,1,4,1.6094379124341003,1.6094379124341003,3,0,1,4,1
16,21,3.8,9,2,1,4,14,2,2,1,1,1.3862943611198906,1.3862943611198906,2,1,2,1,2
16,24,3.8,48,5,0,10,12,4,2,1,3,2.302585092994046,2.3025850929940455,4,0,2,3,1
16,24,3.8,48,5,1,10,10,6,1,1,6,2.302585092994046,2.302585092994046,6,0,1,6,1
16,24,3.8,48,5,2,3,14,2,1,1,2,1.0986122886681098,1.0986122886681098,1,1,1,2,1
16,24,3.8,48,5,3,24,10,6,3,1,3,3.1780538303479458,3.1780538303479453,6,0,3,3,1
16,25,3.8,51,2,0,47,7,9,1,1,9,3.8501476017100584,3.8501476017100584,9,0,1,9,1
16,25,3.8,51,2,1,4,14,2,2,1,1,1.3862943611198906,1.3862943611198906,2,1,2,1,2
16,26,3.8,13,2,0,4,14,2,2,1,1,1.3862943611198906,1.3862943611198906,2,1,2,1,2
16,26,3.8,13,2,1,9,10,6,1,1,6,2.1972245773362196,2.1972245773362196,2,0,1,6,1
16,27,3.8,30,3,0,19,7,9,1,1,9,2.9444389791664403,2.9444389791664403,9,0,1,9,1
16,27,3.8,30,3,1,10,12,4,3,0,2,2.302585092994046,2.4849066497880004,4,0,1,4,1
16,28,3.8,27,2,0,25,7,9,1,1,9,3.2188758248682006,3.2188758248682006,9,0,1,9,1
16,28,3.8,27,2,1,2,15,1,1,1,1,0.6931471805599453,0.6931471805599453,1,1,1,1,1
16,0,4.0,50,3,0,30,8,8,1,1,8,3.4011973816621555,3.4011973816621555,8,0,1,8,1
16,0,4.0,50,3,1,16,11,5,3,1,3,2.772588722239781,2.772588722239781,5,0,3,3,1
16,0,4.0,50,3,2,4,14,2,2,1,1,1.3862943611198906,1.3862943611198906,2,1,2,1,2
16,1,4.0,16,3,0,7,11,5,1,1,5,1.9459101490553132,1.9459101490553132,1,1,1,5,1
16,1,4.0,16,3,1,5,13,3,1,1,3,1.6094379124341003,1.6094379124341003,3,0,1,3,1
16,1,4.0,16,3,2,4,14,2,2,1,1,1.3862943611198906,1.3862943611198906,2,1,2,1,2
16,2,4.0,28,1,0,28,8,8,2,0,7,3.332204510175204,3.7376696182833684,8,0,1,8,1
16,3,4.0,3,1,0,3,14,2,1,1,2,1.0986122886681098,1.0986122886681098,1,1,1,2,1
16,4,4.0,25,4,0,4,13,3,1,1,3,1.3862943611198906,1.3862943611198906,1,1,1,3,1
16,4,4.0,25,4,1,18,6,10,1,1,10,2.8903717578961645,2.8903717578961645,10,0,1,10,1
16,4,4.0,25,4,2,2,15,1,1,1,1,0.6931471805599453,0.6931471805599453,1,1,1,1,1
16,5,4.0,5,3,0,2,15,1,1,1,1,0.6931471805599453,0.6931471805599453,1,1,1,1,1
16,5,4.0,5,3,1,2,15,1,1,1,1,0.6931471805599453,0.6931471805599453,1,1,1,1,1
16,6,4.0,4,1,0,4,14,2,2,1,1,1.3862943611198906,1.3862943611198906,2,1,2,1,2
16,7,4.0,4,2,0,2,15,1,1,1,1,0.6931471805599453,0.6931471805599453,1,1,1,1,1
16,7,4.0,4,2,1,2,15,1,1,1,1,0.6931471805599453,0.6931471805599453,1,1,1,1,1
16,8,4.0,5,3,0,3,14,2,1,1,2,1.0986122886681098,1.0986122886681098,1,1,1,2,1
16,9,4.0,11,3,0,7,11,5,1,1,5,1.9459101490553132,1.9459101490553132,4,0,1,5,1
16,9,4.0,11,3,1,2,15,1,1,1,1,0.6931471805599453,0.6931471805599453,1,1,1,1,1
16,9,4.0,11,3,2,2,15,1,1,1,1,0.6931471805599453,0.6931471805599453,1,1,1,1,1
16,10,4.0,19,4,0,3,14,2,1,1,2,1.0986122886681098,1.0986122886681098,1,1,1,2,1
16,10,4.0,19,4,1,10,12,4,2,1,3,2.302585092994046,2.3025850929940455,4,0,2,3,1
16,10,4.0,19,4,2,4,13,3,1,1,3,1.3862943611198906,1.3862943611198906,1,1,1,3,1
16,10,4.0,19,4,3,2,15,1,1,1,1,0.6931471805599453,0.6931471805599453,1,1,1,1,1
16,11,4.0,19,5,0,6,11,5,1,1,5,1.791759469228055,1.791759469228055,2,0,1,5,1
16,11,4.0,19,5,1,6,13,3,2,1,2,1.791759469228055,1.791759469228055,2,1,2,2,2
16,11,4.0,19,5,2,3,14,2,1,1,2,1.0986122886681098,1.0986122886681098,1,1,1,2,1
16,11,4.0,19,5,3,2,15,1,1,1,1,0.6931471805599453,0.6931471805599453,1,1,1,1,1
16,11,4.0,19,5,4,2,15,1,1,1,1,0.6931471805599453,0.6931471805599453,1,1,1,1,1
16,12,4.0,4,1,0,4,13,3,1,1,3,1.3862943611198906,1.3862943611198906,1,1,1,3,1
16,13,4.0,12,5,0,6,13,3,2,1,2,1.791759469228055,1.791759469228055,2,1,2,2,2
16,13,4.0,12,5,1,2,15,1,1,1,1,0.6931471805599453,0.6931471805599453,1,1,1,1,1
16,13,4.0,12,5,3,2,15,1,1,1,1,0.6931471805599453,0.6931471805599453,1,1,1,1,1
16,14,4.0,23,4,1,11,10,6,1,1,6,2.3978952727983707,2.3978952727983707,2,0,1,6,1
16,14,4.0,23,4,3,10,11,5,1,1,5,2.302585092994046,2.302585092994046,4,0,1,5,1
16,16,4.0,4,1,0,4,14,2,2,1,1,1.3862943611198906,1.3862943611198906,2,1,2,1,2
16,17,4.0,18,6,0,4,14,2,2,1,1,1.3862943611198906,1.3862943611198906,2,1,2,1,2
16,17,4.0,18,6,1,6,13,3,2,1,2,1.791759469228055,1.791759469228055,2,1,2,2,2
16,17,4.0,18,6,3,4,14,2,2,1,1,1.3862943611198906,1.3862943611198906,2,1,2,1,2
16,17,4.0,18,6,4,2,15,1,1,1,1,0.6931471805599453,0.6931471805599453,1,1,1,1,1
16,18,4.0,8,1,0,8,11,5,1,1,5,2.0794415416798357,2.0794415416798357,3,0,1,5,1
16,20,4.0,6,1,0,6,12,4,1,1,4,1.791759469228055,1.791759469228055,1,1,1,4,1
16,21,4.0,25,5,0,6,12,4,1,1,4,1.791759469228055,1.791759469228055,1,1,1,4,1
16,21,4.0,25,5,1,7,11,5,1,1,5,1.9459101490553132,1.9459101490553132,1,1,1,5,1
16,21,4.0,25,5,2,7,12,4,1,1,4,1.9459101490553132,1.9459101490553132,4,0,1,4,1
16,21,4.0,25,5,4,4,13,3,1,1,3,1.3862943611198906,1.3862943611198906,1,1,1,3,1
16,22,4.0,33,1,0,33,5,11,1,1,11,3.4965075614664802,3.4965075614664802,11,0,1,11,1
16,23,4.0,31,5,0,18,10,6,2,0,5,2.8903717578961645,3.1780538303479458,6,0,1,6,1
16,23,4.0,31,5,1,7,12,4,1,1,4,1.9459101490553132,1.9459101490553132,3,0,1,4,1
16,23,4.0,31,5,2,2,15,1,1,1,1,0.6931471805599453,0.6931471805599453,1,1,1,1,1
16,23,4.0,31,5,3,2,15,1,1,1,1,0.6931471805599453,0.6931471805599453,1,1,1,1,1
16,23,4.0,31,5,4,2,15,1,1,1,1,0.6931471805599453,0.6931471805599453,1,1,1,1,1
16,24,4.0,4,2,0,2,15,1,1,1,1,0.6931471805599453,0.6931471805599453,1,1,1,1,1
16,24,4.0,4,2,1,2,15,1,1,1,1,0.6931471805599453,0.6931471805599453,1,1,1,1,1
16,25,4.0,7,3,0,3,14,2,1,1,2,1.0986122886681098,1.0986122886681098,1,1,1,2,1
16,25,4.0,7,3,1,2,15,1,1,1,1,0.6931471805599453,0.6931471805599453,1,1,1,1,1
16,25,4.0,7,3,2,2,15,1,1,1,1,0.6931471805599453,0.6931471805599453,1,1,1,1,1
16,26,4.0,25,2,0,22,6,10,1,1,10,3.091042453358316,3.091042453358316,9,0,1,10,1
16,26,4.0,25,2,1,3,14,2,1,1,2,1.0986122886681098,1.0986122886681098,1,1,1,2,1
16,27,4.0,4,2,0,3,14,2,1,1,2,1.0986122886681098,1.0986122886681098,1,1,1,2,1
16,29,4.0,75,5,0,54,2,14,1,1,14,3.9889840465642745,3.9889840465642745,14,0,1,14,1
16,29,4.0,75,5,1,14,9,7,1,1,7,2.6390573296152584,2.6390573296152584,7,0,1,7,1
16,29,4.0,75,5,2,2,15,1,1,1,1,0.6931471805599453,0.6931471805599453,1,1,1,1,1
16,29,4.0,75,5,4,4,14,2,2,1,1,1.3862943611198906,1.3862943611198906,2,1,2,1,2
18,0,3.5,151,2,0,139,4,14,1,1,14,4.9344739331306915,4.9344739331306915,14,0,1,14,1
18,0,3.5,151,2,1,12,13,5,1,1,5,2.4849066497880004,2.4849066497880004,4,0,1,5,1
18,1,3.5,24,1,0,24,10,8,1,1,8,3.1780538303479458,3.1780538303479458,8,0,1,8,1
18,2,3.5,68,1,0,68,6,12,1,1,12,4.219507705176107,4.219507705176107,12,0,1,12,1
18,3,3.5,47,5,0,34,6,12,1,1,12,3.5263605246161616,3.5263605246161616,12,0,1,12,1
18,3,3.5,47,5,1,10,13,5,2,1,4,2.302585092994046,2.3025850929940455,4,0,2,4,1
18,4,3.5,332,3,0,97,6,12,2,0,11,4.574710978503383,4.852030263919617,12,0,1,12,1
18,4,3.5,332,3,1,234,2,16,1,1,16,5.455321115357702,5.455321115357702,16,0,1,16,1
18,5,3.5,65,5,0,43,6,12,1,1,12,3.7612001156935624,3.7612001156935624,12,0,1,12,1
18,5,3.5,65,5,1,2,17,1,1,1,1,0.6931471805599453,0.6931471805599453,1,1,1,1,1
18,5,3.5,65,5,2,3,16,2,1,1,2,1.0986122886681098,1.0986122886681098,1,1,1,2,1
18,5,3.5,65,5,3,2,17,1,1,1,1,0.6931471805599453,0.6931471805599453,1,1,1,1,1
18,5,3.5,65,5,4,15,13,5,1,1,5,2.70805020110221,2.70805020110221,5,0,1,5,1
18,6,3.5,16,2,0,12,14,4,3,1,2,2.4849066497880004,2.4849066497880004,4,0,3,2,1
18,6,3.5,16,2,1,4,16,2,2,1,1,1.3862943611198906,1.3862943611198906,2,1,2,1,2
18,7,3.5,30,3,0,26,11,7,2,1,6,3.258096538021482,3.258096538021482,7,0,2,6,1
18,7,3.5,30,3,1,2,17,1,1,1,1,0.6931471805599453,0.6931471805599453,1,1,1,1,1
18,7,3.5,30,3,2,2,17,1,1,1,1,0.6931471805599453,0.6931471805599453,1,1,1,1,1
18,8,3.5,63,6,0,16,11,7,2,0,6,2.772588722239781,3.091042453358316,7,0,1,7,1
18,8,3.5,63,6,1,32,11,7,2,1,6,3.4657359027997265,3.4657359027997265,7,0,2,6,1
18,8,3.5,63,6,2,7,12,6,1,1,6,1.9459101490553132,1.9459101490553132,3,0,1,6,1
18,8,3.5,63,6,3,4,16,2,2,1,1,1.3862943611198906,1.3862943611198906,2,1,2,1,2
18,8,3.5,63,6,4,2,17,1,1,1,1,0.6931471805599453,0.6931471805599453,1,1,1,1,1
18,8,3.5,63,6,5,2,17,1,1,1,1,0.6931471805599453,0.6931471805599453,1,1,1,1,1
18,9,3.5,141,3,0,37,6,12,1,1,12,3.6109179126442243,3.6109179126442243,12,0,1,12,1
18,9,3.5,141,3,1,96,5,13,1,1,13,4.564348191467836,4.564348191467836,13,0,1,13,1
18,9,3.5,141,3,2,8,14,4,2,1,3,2.0794415416798357,2.0794415416798357,3,0,2,3,1
18,10,3.5,99,2,0,97,5,13,1,1,13,4.574710978503383,4.574710978503383,13,0,1,13,1
18,10,3.5,99,2,1,2,17,1,1,1,1,0.6931471805599453,0.6931471805599453,1,1,1,1,1
18,11,3.5,3,2,1,2,17,1,1,1,1,0.6931471805599453,0.6931471805599453,1,1,1,1,1
18,12,3.5,237,2,0,207,3,15,1,1,15,5.332718793265369,5.332718793265369,15,0,1,15,1
18,12,3.5,237,2,1,30,12,6,4,0,3,3.4011973816621555,3.4657359027997265,6,0,2,5,1
18,13,3.5,32,5,0,15,11,7,2,0,6,2.70805020110221,2.890371757896165,3,0,1,7,1
18,13,3.5,32,5,1,3,16,2,1,1,2,1.0986122886681098,1.0986122886681098,1,1,1,2,1
18,13,3.5,32,5,2,3,16,2,1,1,2,1.0986122886681098,1.0986122886681098,1,1,1,2,1
18,13,3.5,32,5,3,9,12,6,1,1,6,2.1972245773362196,2.1972245773362196,1,1,1,6,1
18,13,3.5,32,5,4,2,17,1,1,1,1,0.6931471805599453,0.6931471805599453,1,1,1,1,1
18,14,3.5,14,4,0,2,17,1,1,1,1,0.6931471805599453,0.6931471805599453,1,1,1,1,1
18,14,3.5,14,4,1,2,17,1,1,1,1,0.6931471805599453,0.6931471805599453,1,1,1,1,1
18,14,3.5,14,4,2,3,16,2,1,1,2,1.0986122886681098,1.0986122886681098,1,1,1,2,1
18,14,3.5,14,4,3,7,14,4,1,1,4,1.9459101490553132,1.9459101490553132,4,0,1,4,1
18,15,3.5,45,9,0,9,13,5,1,1,5,2.1972245773362196,2.1972245773362196,3,0,1,5,1
18,15,3.5,45,9,1,4,16,2,2,1,1,1.3862943611198906,1.3862943611198906,2,1,2,1,2
18,15,3.5,45,9,2,2,17,1,1,1,1,0.6931471805599453,0.6931471805599453,1,1,1,1,1
18,15,3.5,45,9,4,2,17,1,1,1,1,0.6931471805599453,0.6931471805599453,1,1,1,1,1
18,15,3.5,45,9,5,6,15,3,2,1,2,1.791759469228055,1.791759469228055,2,1,2,2,2
18,15,3.5,45,9,6,19,12,6,2,0,4,2.9444389791664403,3.295836866004329,6,0,1,6,1
18,16,3.5,18,4,0,3,16,2,1,1,2,1.0986122886681098,1.0986122886681098,1,1,1,2,1
18,16,3.5,18,4,1,3,16,2,1,1,2,1.0986122886681098,1.0986122886681098,1,1,1,2,1
18,16,3.5,18,4,2,8,15,3,3,1,1,2.0794415416798357,2.0794415416798357,3,1,3,1,3
18,16,3.5,18,4,3,4,16,2,2,1,1,1.3862943611198906,1.3862943611198906,2,1,2,1,2
18,17,3.5,9,2,0,7,14,4,2,0,2,1.9459101490553132,2.1972245773362196,4,0,1,4,1
18,17,3.5,9,2,1,2,17,1,1,1,1,0.6931471805599453,0.6931471805599453,1,1,1,1,1
18,18,3.5,51,5,0,27,10,8,1,1,8,3.295836866004329,3.295836866004329,8,0,1,8,1
18,18,3.5,51,5,1,8,15,3,3,1,1,2.0794415416798357,2.0794415416798357,3,1,3,1,3
18,18,3.5,51,5,2,2,17,1,1,1,1,0.6931471805599453,0.6931471805599453,1,1,1,1,1
18,18,3.5,51,5,3,8,14,4,2,1,3,2.0794415416798357,2.0794415416798357,3,0,2,3,1
18,18,3.5,51,5,4,6,13,5,1,1,5,1.791759469228055,1.791759469228055,1,1,1,5,1
18,19,3.5,55,3,0,22,10,8,1,1,8,3.091042453358316,3.091042453358316,8,0,1,8,1
18,19,3.5,55,3,1,31,10,8,2,0,6,3.4339872044851463,3.6635616461296463,8,0,1,8,1
18,19,3.5,55,3,2,2,17,1,1,1,1,0.6931471805599453,0.6931471805599453,1,1,1,1,1
18,20,3.5,70,4,0,2,17,1,1,1,1,0.6931471805599453,0.6931471805599453,1,1,1,1,1
18,20,3.5,70,4,1,65,5,13,1,1,13,4.174387269895637,4.174387269895637,13,0,1,13,1
18,20,3.5,70,4,3,2,17,1,1,1,1,0.6931471805599453,0.6931471805599453,1,1,1,1,1
18,21,3.5,8,2,0,4,15,3,1,1,3,1.3862943611198906,1.3862943611198906,1,1,1,3,1
18,21,3.5,8,2,1,4,15,3,1,1,3,1.3862943611198906,1.3862943611198906,2,1,1,3,2
18,22,3.5,5,2,0,2,17,1,1,1,1,0.6931471805599453,0.6931471805599453,1,1,1,1,1
18,22,3.5,5,2,1,3,16,2,1,1,2,1.0986122886681098,1.0986122886681098,1,1,1,2,1
18,23,3.5,21,5,0,16,12,6,1,1,6,2.772588722239781,2.772588722239781,5,0,1,6,1
18,23,3.5,21,5,1,2,17,1,1,1,1,0.6931471805599453,0.6931471805599453,1,1,1,1,1
18,24,3.5,20,3,0,10,14,4,2,1,3,2.302585092994046,2.3025850929940455,3,0,2,3,1
18,24,3.5,20,3,1,8,15,3,3,1,1,2.0794415416798357,2.0794415416798357,3,1,3,1,3
18,24,3.5,20,3,2,2,17,1,1,1,1,0.6931471805599453,0.6931471805599453,1,1,1,1,1
18,25,3.5,16,4,0,2,17,1,1,1,1,0.6931471805599453,0.6931471805599453,1,1,1,1,1
18,25,3.5,16,4,1,2,17,1,1,1,1,0.6931471805599453,0.6931471805599453,1,1,1,1,1
18,25,3.5,16,4,2,8,15,3,3,1,1,2.0794415416798357,2.0794415416798357,3,1,3,1,3
18,25,3.5,16,4,3,4,16,2,2,1,1,1.3862943611198906,1.3862943611198906,2,1,2,1,2
18,26,3.5,18,2,0,14,13,5,2,1,4,2.6390573296152584,2.6390573296152584,5,0,2,4,1
18,26,3.5,18,2,1,4,16,2,2,1,1,1.3862943611198906,1.3862943611198906,2,1,2,1,2
18,27,3.5,199,5,0,190,2,16,2,0,15,5.247024072160486,5.568344503761097,16,0,1,16,1
18,27,3.5,199,5,1,2,17,1,1,1,1,0.6931471805599453,0.6931471805599453,1,1,1,1,1
18,27,3.5,199,5,2,4,16,2,2,1,1,1.3862943611198906,1.3862943611198906,2,1,2,1,2
18,27,3.5,199,5,4,2,17,1,1,1,1,0.6931471805599453,0.6931471805599453,1,1,1,1,1
18,28,3.5,3,2,0,2,17,1,1,1,1,0.6931471805599453,0.6931471805599453,1,1,1,1,1
18,29,3.5,18,2,0,14,13,5,2,1,4,2.6390573296152584,2.6390573296152584,3,0,2,4,1
18,29,3.5,18,2,1,4,16,2,2,1,1,1.3862943611198906,1.3862943611198906,2,1,2,1,2
18,0,3.8,20,3,0,8,13,5,2,0,4,2.0794415416798357,2.3025850929940455,3,0,1,5,1
18,0,3.8,20,3,1,4,16,2,2,1,1,1.3862943611198906,1.3862943611198906,2,1,2,1,2
18,0,3.8,20,3,2,8,14,4,2,1,3,2.0794415416798357,2.0794415416798357,3,0,2,3,1
18,1,3.8,14,5,0,4,16,2,2,1,1,1.3862943611198906,1.3862943611198906,2,1,2,1,2
18,1,3.8,14,5,1,6,15,3,2,1,2,1.791759469228055,1.791759469228055,3,0,2,2,1
18,1,3.8,14,5,4,2,17,1,1,1,1,0.6931471805599453,0.6931471805599453,1,1,1,1,1
18,2,3.8,100,3,0,4,16,2,2,1,1,1.3862943611198906,1.3862943611198906,2,1,2,1,2
18,2,3.8,100,3,1,92,6,12,1,1,12,4.5217885770490405,4.5217885770490405,12,0,1,12,1
18,2,3.8,100,3,2,4,16,2,2,1,1,1.3862943611198906,1.3862943611198906,2,1,2,1,2
18,4,3.8,5,4,2,2,17,1,1,1,1,0.6931471805599453,0.6931471805599453,1,1,1,1,1
18,5,3.8,55,5,1,13,11,7,2,0,6,2.5649493574615367,2.6390573296152584,6,0,1,7,1
18,5,3.8,55,5,2,36,5,13,1,1,13,3.58351893845611,3.58351893845611,13,0,1,13,1
18,5,3.8,55,5,4,4,16,2,2,1,1,1.3862943611198906,1.3862943611198906,2,1,2,1,2
18,6,3.8,16,1,0,16,10,8,1,1,8,2.772588722239781,2.772588722239781,7,0,1,8,1
18,7,3.8,8,2,0,2,17,1,1,1,1,0.6931471805599453,0.6931471805599453,1,1,1,1,1
18,7,3.8,8,2,1,6,14,4,1,1,4,1.791759469228055,1.791759469228055,3,0,1,4,1
18,8,3.8,16,4,0,9,14,4,1,1,4,2.1972245773362196,2.1972245773362196,3,0,1,4,1
18,8,3.8,16,4,1,4,16,2,2,1,1,1.3862943611198906,1.3862943611198906,2,1,2,1,2
18,8,3.8,16,4,2,2,17,1,1,1,1,0.6931471805599453,0.6931471805599453,1,1,1,1,1
18,9,3.8,10,2,0,6,15,3,2,1,2,1.791759469228055,1.791759469228055,3,0,2,2,1
18,9,3.8,10,2,1,4,15,3,1,1,3,1.3862943611198906,1.3862943611198906,1,1,1,3,1
18,10,3.8,69,6,0,27,10,8,1,1,8,3.295836866004329,3.295836866004329,8,0,1,8,1
18,10,3.8,69,6,1,4,16,2,2,1,1,1.3862943611198906,1.3862943611198906,2,1,2,1,2
18,10,3.8,69,6,2,28,12,6,3,0,4,3.332204510175204,3.4657359027997265,6,0,2,5,1
18,10,3.8,69,6,3,4,16,2,2,1,1,1.3862943611198906,1.3862943611198906,2,1,2,1,2
18,10,3.8,69,6,4,2,17,1,1,1,1,0.6931471805599453,0.6931471805599453,1,1,1,1,1
18,10,3.8,69,6,5,4,16,2,2,1,1,1.3862943611198906,1.3862943611198906,2,1,2,1,2
18,11,3.8,15,3,1,13,11,7,1,1,7,2.5649493574615367,2.5649493574615367,5,0,1,7,1
18,12,3.8,300,1,0,300,3,15,1,1,15,5.703782474656201,5.703782474656201,15,0,1,15,1
18,13,3.8,38,4,0,16,14,4,4,1,1,2.772588722239781,2.772588722239781,4,1,4,1,4
18,13,3.8,38,4,1,14,10,8,1,1,8,2.6390573296152584,2.6390573296152584,6,0,1,8,1
18,13,3.8,38,4,2,6,15,3,2,1,2,1.791759469228055,1.791759469228055,3,0,2,2,1
18,13,3.8,38,4,3,2,17,1,1,1,1,0.6931471805599453,0.6931471805599453,1,1,1,1,1
18,14,3.8,16,2,0,6,15,3,2,1,2,1.791759469228055,1.791759469228055,3,0,2,2,1
18,14,3.8,16,2,1,10,14,4,2,1,3,2.302585092994046,2.3025850929940455,4,0,2,3,1
18,16,3.8,31,4,0,20,9,9,1,1,9,2.995732273553991,2.995732273553991,7,0,1,9,1
18,16,3.8,31,4,1,8,14,4,2,1,3,2.0794415416798357,2.0794415416798357,3,0,2,3,1
18,16,3.8,31,4,2,2,17,1,1,1,1,0.6931471805599453,0.6931471805599453,1,1,1,1,1
18,17,3.8,107,1,0,107,3,15,1,1,15,4.672828834461906,4.672828834461906,15,0,1,15,1
18,18,3.8,75,4,0,53,6,12,1,1,12,3.970291913552122,3.970291913552122,12,0,1,12,1
18,18,3.8,75,4,1,6,15,3,2,1,2,1.791759469228055,1.791759469228055,2,1,2,2,2
18,18,3.8,75,4,2,12,13,5,2,1,3,2.4849066497880004,2.4849066497880004,4,0,2,3,1
18,18,3.8,75,4,3,4,16,2,2,1,1,1.3862943611198906,1.3862943611198906,2,1,2,1,2
18,19,3.8,13,3,0,4,16,2,2,1,1,1.3862943611198906,1.3862943611198906,2,1,2,1,2
18,19,3.8,13,3,1,6,15,3,2,1,2,1.791759469228055,1.791759469228055,2,1,2,2,2
18,19,3.8,13,3,2,3,16,2,1,1,2,1.0986122886681098,1.0986122886681098,1,1,1,2,1
18,20,3.8,45,5,0,2,17,1,1,1,1,0.6931471805599453,0.6931471805599453,1,1,1,1,1
18,20,3.8,45,5,1,8,14,4,1,1,4,2.0794415416798357,2.0794415416798357,4,0,1,4,1
18,20,3.8,45,5,2,24,10,8,1,1,8,3.1780538303479458,3.1780538303479458,8,0,1,8,1
18,20,3.8,45,5,4,10,14,4,2,1,3,2.302585092994046,2.3025850929940455,4,0,2,3,1
18,21,3.8,13,2,0,12,14,4,3,1,2,2.4849066497880004,2.4849066497880004,4,0,3,2,1
18,22,3.8,11,3,0,2,17,1,1,1,1,0.6931471805599453,0.6931471805599453,1,1,1,1,1
18,22,3.8,11,3,1,6,15,3,2,1,2,1.791759469228055,1.791759469228055,2,1,2,2,2
18,22,3.8,11,3,2,3,16,2,1,1,2,1.0986122886681098,1.0986122886681098,1,1,1,2,1
18,24,3.8,17,2,0,14,13,5,2,0,4,2.6390573296152584,2.890371757896165,5,0,1,5,1
18,24,3.8,17,2,1,3,16,2,1,1,2,1.0986122886681098,1.0986122886681098,1,1,1,2,1
18,25,3.8,29,7,0,7,15,3,3,0,1,1.9459101490553132,2.0794415416798357,3,0,1,3,1
18,25,3.8,29,7,2,3,16,2,1,1,2,1.0986122886681098,1.0986122886681098,1,1,1,2,1
18,25,3.8,29,7,4,5,14,4,1,1,4,1.6094379124341003,1.6094379124341003,1,1,1,4,1
18,25,3.8,29,7,5,8,14,4,2,1,3,2.0794415416798357,2.0794415416798357,4,0,2,3,1
18,25,3.8,29,7,6,4,15,3,1,1,3,1.3862943611198906,1.3862943611198906,1,1,1,3,1
18,26,3.8,16,1,0,16,10,8,1,1,8,2.772588722239781,2.772588722239781,5,0,1,8,1
18,27,3.8,8,5,0,2,17,1,1,1,1,0.6931471805599453,0.6931471805599453,1,1,1,1,1
18,27,3.8,8,5,1,2,17,1,1,1,1,0.6931471805599453,0.6931471805599453,1,1,1,1,1
18,27,3.8,8,5,4,2,17,1,1,1,1,0.6931471805599453,0.6931471805599453,1,1,1,1,1
18,28,3.8,24,1,0,24,13,5,4,1,2,3.1780538303479458,3.1780538303479458,5,0,4,2,1
18,29,3.8,37,4,0,27,8,10,1,1,10,3.295836866004329,3.295836866004329,10,0,1,10,1
18,29,3.8,37,4,1,5,15,3,1,1,3,1.6094379124341003,1.6094379124341003,1,1,1,3,1
18,29,3.8,37,4,3,4,15,3,1,1,3,1.3862943611198906,1.3862943611198906,1,1,1,3,1
18,0,4.0,65,4,0,56,5,13,1,1,13,4.02535169073515,4.02535169073515,13,0,1,13,1
18,0,4.0,65,4,1,4,16,2,2,1,1,1.3862943611198906,1.3862943611198906,2,1,2,1,2
18,0,4.0,65,4,2,2,17,1,1,1,1,0.6931471805599453,0.6931471805599453,1,1,1,1,1
18,0,4.0,65,4,3,3,16,2,1,1,2,1.0986122886681098,1.0986122886681098,1,1,1,2,1
18,1,4.0,8,2,0,2,17,1,1,1,1,0.6931471805599453,0.6931471805599453,1,1,1,1,1
18,1,4.0,8,2,1,6,15,3,2,1,2,1.791759469228055,1.791759469228055,3,0,2,2,1
18,2,4.0,6,3,0,2,17,1,1,1,1,0.6931471805599453,0.6931471805599453,1,1,1,1,1
18,2,4.0,6,3,1,3,16,2,1,1,2,1.0986122886681098,1.0986122886681098,1,1,1,2,1
18,4,4.0,90,2,0,58,6,12,1,1,12,4.060443010546419,4.060443010546419,12,0,1,12,1
18,4,4.0,90,2,1,32,10,8,2,0,7,3.4657359027997265,3.6888794541139363,8,0,1,8,1
18,5,4.0,95,3,0,9,11,7,1,1,7,2.1972245773362196,2.1972245773362196,5,0,1,7,1
18,5,4.0,95,3,1,16,13,5,2,1,4,2.772588722239781,2.772588722239781,5,0,2,4,1
18,5,4.0,95,3,2,70,9,9,4,0,5,4.248495242049359,4.430816798843313,9,0,1,9,1
18,6,4.0,39,3,0,29,5,13,1,1,13,3.367295829986474,3.367295829986474,13,0,1,13,1
18,6,4.0,39,3,1,5,15,3,1,1,3,1.6094379124341003,1.6094379124341003,2,0,1,3,1
18,6,4.0,39,3,2,5,15,3,1,1,3,1.6094379124341003,1.6094379124341003,1,1,1,3,1
18,7,4.0,12,1,0,12,14,4,3,1,2,2.4849066497880004,2.4849066497880004,4,0,3,2,1
18,8,4.0,68,3,0,18,13,5,3,1,2,2.8903717578961645,2.8903717578961645,5,0,3,2,1
18,8,4.0,68,3,1,2,17,1,1,1,1,0.6931471805599453,0.6931471805599453,1,1,1,1,1
18,8,4.0,68,3,2,48,6,12,1,1,12,3.871201010907891,3.871201010907891,12,0,1,12,1
18,9,4.0,20,2,0,8,14,4,2,1,3,2.0794415416798357,2.0794415416798357,3,1,2,3,3
18,9,4.0,20,2,1,12,12,6,1,1,6,2.4849066497880004,2.4849066497880004,6,0,1,6,1
18,10,4.0,56,1,0,56,11,7,3,1,5,4.02535169073515,4.025351690735149,7,0,3,5,1
18,11,4.0,14,7,0,4,16,2,2,1,1,1.3862943611198906,1.3862943611198906,2,1,2,1,2
18,11,4.0,14,7,3,3,16,2,1,1,2,1.0986122886681098,1.0986122886681098,1,1,1,2,1
18,11,4.0,14,7,4,3,16,2,1,1,2,1.0986122886681098,1.0986122886681098,1,1,1,2,1
18,12,4.0,101,1,0,101,5,13,1,1,13,4.61512051684126,4.61512051684126,13,0,1,13,1
18,13,4.0,9,2,0,7,14,4,1,1,4,1.9459101490553132,1.9459101490553132,3,0,1,4,1
18,13,4.0,9,2,1,2,17,1,1,1,1,0.6931471805599453,0.6931471805599453,1,1,1,1,1
18,14,4.0,2,1,0,2,17,1,1,1,1,0.6931471805599453,0.6931471805599453,1,1,1,1,1
18,15,4.0,9,2,0,7,13,5,1,1,5,1.9459101490553132,1.9459101490553132,2,0,1,5,1
18,15,4.0,9,2,1,2,17,1,1,1,1,0.6931471805599453,0.6931471805599453,1,1,1,1,1
18,16,4.0,47,2,0,45,7,11,1,1,11,3.8066624897703196,3.8066624897703196,11,0,1,11,1
18,16,4.0,47,2,1,2,17,1,1,1,1,0.6931471805599453,0.6931471805599453,1,1,1,1,1
18,17,4.0,22,1,0,22,10,8,1,1,8,3.091042453358316,3.091042453358316,8,0,1,8,1
18,18,4.0,21,2,0,18,13,5,3,1,2,2.8903717578961645,2.8903717578961645,5,0,3,2,1
18,18,4.0,21,2,1,3,16,2,1,1,2,1.0986122886681098,1.0986122886681098,1,1,1,2,1
18,19,4.0,48,3,0,2,17,1,1,1,1,0.6931471805599453,0.6931471805599453,1,1,1,1,1
18,19,4.0,48,3,2,45,6,12,1,1,12,3.8066624897703196,3.8066624897703196,12,0,1,12,1
18,21,4.0,152,2,0,148,0,18,2,0,17,4.997212273764115,5.225746673713202,18,0,1,18,1
18,21,4.0,152,2,1,4,16,2,2,1,1,1.3862943611198906,1.3862943611198906,2,1,2,1,2
18,22,4.0,13,4,0,6,14,4,1,1,4,1.791759469228055,1.791759469228055,3,0,1,4,1
18,22,4.0,13,4,2,2,17,1,1,1,1,0.6931471805599453,0.6931471805599453,1,1,1,1,1
18,22,4.0,13,4,3,4,15,3,1,1,3,1.3862943611198906,1.3862943611198906,1,1,1,3,1
18,23,4.0,51,4,1,12,14,4,3,1,2,2.4849066497880004,2.4849066497880004,4,0,3,2,1
18,23,4.0,51,4,2,9,14,4,2,1,2,2.1972245773362196,2.1972245773362196,3,0,2,2,1
18,23,4.0,51,4,3,29,7,11,1,1,11,3.367295829986474,3.367295829986474,11,0,1,11,1
18,24,4.0,14,3,0,12,13,5,1,1,5,2.4849066497880004,2.4849066497880004,5,0,1,5,1
18,25,4.0,74,2,0,45,6,12,1,1,12,3.8066624897703196,3.8066624897703196,12,0,1,12,1
18,25,4.0,74,2,1,29,9,9,1,1,9,3.367295829986474,3.367295829986474,9,0,1,9,1
18,26,4.0,30,3,0,6,15,3,2,1,2,1.791759469228055,1.791759469228055,3,0,2,2,1
18,26,4.0,30,3,1,5,15,3,1,1,3,1.6094379124341003,1.6094379124341003,1,1,1,3,1
18,26,4.0,30,3,2,19,12,6,1,1,6,2.9444389791664403,2.9444389791664403,5,0,1,6,1
18,27,4.0,28,3,0,20,10,8,1,1,8,2.995732273553991,2.995732273553991,7,0,1,8,1
18,27,4.0,28,3,1,6,15,3,2,1,2,1.791759469228055,1.791759469228055,3,0,2,2,1
18,27,4.0,28,3,2,2,17,1,1,1,1,0.6931471805599453,0.6931471805599453,1,1,1,1,1
20,0,3.5,115,5,0,48,12,8,3,1,5,3.871201010907891,3.8712010109078907,8,0,3,5,1
20,0,3.5,115,5,1,13,15,5,2,0,4,2.5649493574615367,2.772588722239781,5,0,1,5,1
20,0,3.5,115,5,2,51,10,10,1,1,10,3.9318256327243257,3.9318256327243257,10,0,1,10,1
20,0,3.5,115,5,4,2,19,1,1,1,1,0.6931471805599453,0.6931471805599453,1,1,1,1,1
20,1,3.5,49,5,0,6,17,3,2,1,2,1.791759469228055,1.791759469228055,2,1,2,2,2
20,1,3.5,49,5,1,5,16,4,1,1,4,1.6094379124341003,1.6094379124341003,1,1,1,4,1
20,1,3.5,49,5,2,17,13,7,1,1,7,2.833213344056216,2.833213344056216,6,0,1,7,1
20,1,3.5,49,5,3,15,14,6,1,1,6,2.70805020110221,2.70805020110221,6,0,1,6,1
20,1,3.5,49,5,4,6,17,3,2,1,2,1.791759469228055,1.791759469228055,2,1,2,2,2
20,2,3.5,149,3,0,40,9,11,1,1,11,3.6888794541139363,3.6888794541139363,11,0,1,11,1
20,2,3.5,149,3,1,103,5,15,1,1,15,4.634728988229636,4.634728988229636,15,0,1,15,1
20,2,3.5,149,3,2,6,17,3,2,1,2,1.791759469228055,1.791759469228055,2,1,2,2,2
20,3,3.5,39,6,0,20,14,6,3,1,4,2.995732273553991,2.995732273553991,6,0,3,4,1
20,3,3.5,39,6,1,4,17,3,1,1,3,1.3862943611198906,1.3862943611198906,1,1,1,3,1
20,3,3.5,39,6,2,4,18,2,2,1,1,1.3862943611198906,1.3862943611198906,2,1,2,1,2
20,3,3.5,39,6,3,4,18,2,2,1,1,1.3862943611198906,1.3862943611198906,2,1,2,1,2
20,3,3.5,39,6,4,5,17,3,1,1,3,1.6094379124341003,1.6094379124341003,2,0,1,3,1
20,3,3.5,39,6,5,2,19,1,1,1,1,0.6931471805599453,0.6931471805599453,1,1,1,1,1
20,4,3.5,29,4,0,8,16,4,2,1,3,2.0794415416798357,2.0794415416798357,3,0,2,3,1
20,4,3.5,29,4,1,3,18,2,1,1,2,1.0986122886681098,1.0986122886681098,1,1,1,2,1
20,4,3.5,29,4,2,12,16,4,3,1,2,2.4849066497880004,2.4849066497880004,4,0,3,2,1
20,4,3.5,29,4,3,6,17,3,2,1,2,1.791759469228055,1.791759469228055,2,1,2,2,2
20,5,3.5,27,4,1,12,15,5,2,0,4,2.4849066497880004,2.6390573296152584,4,0,1,5,1
20,5,3.5,27,4,2,2,19,1,1,1,1,0.6931471805599453,0.6931471805599453,1,1,1,1,1
20,5,3.5,27,4,3,12,16,4,3,1,2,2.4849066497880004,2.4849066497880004,4,0,3,2,1
20,6,3.5,52,5,0,18,14,6,2,1,5,2.8903717578961645,2.890371757896165,6,0,2,5,1
20,6,3.5,52,5,1,8,16,4,2,1,3,2.0794415416798357,2.0794415416798357,2,1,2,3,2
20,6,3.5,52,5,2,14,15,5,1,1,5,2.6390573296152584,2.6390573296152584,5,0,1,5,1
20,6,3.5,52,5,3,8,16,4,2,1,3,2.0794415416798357,2.0794415416798357,1,1,2,3,1
20,6,3.5,52,5,4,4,18,2,2,1,1,1.3862943611198906,1.3862943611198906,2,1,2,1,2
20,7,3.5,156,6,0,24,14,6,3,1,3,3.1780538303479458,3.1780538303479458,6,0,3,3,1
20,7,3.5,156,6,1,125,7,13,2,0,12,4.8283137373023015,4.941642422609305,13,0,1,13,1
20,7,3.5,156,6,2,2,19,1,1,1,1,0.6931471805599453,0.6931471805599453,1,1,1,1,1
20,7,3.5,156,6,3,2,19,1,1,1,1,0.6931471805599453,0.6931471805599453,1,1,1,1,1
20,7,3.5,156,6,5,2,19,1,1,1,1,0.6931471805599453,0.6931471805599453,1,1,1,1,1
20,8,3.5,10,3,1,2,19,1,1,1,1,0.6931471805599453,0.6931471805599453,1,1,1,1,1
20,8,3.5,10,3,2,7,16,4,1,1,4,1.9459101490553132,1.9459101490553132,1,1,1,4,1
20,9,3.5,44,2,0,40,13,7,3,1,5,3.6888794541139363,3.6888794541139367,7,0,3,5,1
20,9,3.5,44,2,1,4,18,2,2,1,1,1.3862943611198906,1.3862943611198906,2,1,2,1,2
20,10,3.5,417,1,0,417,0,20,2,0,19,6.0330862217988015,6.536691597591306,20,0,1,20,1
20,11,3.5,25,4,0,9,14,6,1,1,6,2.1972245773362196,2.1972245773362196,3,0,1,6,1
20,11,3.5,25,4,1,3,18,2,1,1,2,1.0986122886681098,1.0986122886681098,1,1,1,2,1
20,11,3.5,25,4,2,5,17,3,1,1,3,1.6094379124341003,1.6094379124341003,2,0,1,3,1
20,11,3.5,25,4,3,8,15,5,1,1,5,2.0794415416798357,2.0794415416798357,2,0,1,5,1
20,12,3.5,26,4,0,4,18,2,2,1,1,1.3862943611198906,1.3862943611198906,2,1,2,1,2
20,12,3.5,26,4,1,2,19,1,1,1,1,0.6931471805599453,0.6931471805599453,1,1,1,1,1
20,12,3.5,26,4,2,12,14,6,2,0,5,2.4849066497880004,2.6390573296152584,6,0,1,6,1
20,12,3.5,26,4,3,8,16,4,2,1,3,2.0794415416798357,2.0794415416798357,4,0,2,3,1
20,13,3.5,28,2,0,26,12,8,1,1,8,3.258096538021482,3.258096538021482,8,0,1,8,1
20,13,3.5,28,2,1,2,19,1,1,1,1,0.6931471805599453,0.6931471805599453,1,1,1,1,1
20,14,3.5,76,5,0,31,9,11,1,1,11,3.4339872044851463,3.4339872044851463,11,0,1,11,1
20,14,3.5,76,5,1,2,19,1,1,1,1,0.6931471805599453,0.6931471805599453,1,1,1,1,1
20,14,3.5,76,5,2,30,10,10,1,1,10,3.4011973816621555,3.4011973816621555,10,0,1,10,1
20,14,3.5,76,5,3,11,14,6,1,1,6,2.3978952727983707,2.3978952727983707,4,0,1,6,1
20,14,3.5,76,5,4,2,19,1,1,1,1,0.6931471805599453,0.6931471805599453,1,1,1,1,1
20,15,3.5,34,3,0,4,18,2,2,1,1,1.3862943611198906,1.3862943611198906,2,1,2,1,2
20,15,3.5,34,3,1,27,12,8,2,0,7,3.295836866004329,3.332204510175204,8,0,1,8,1
20,15,3.5,34,3,2,3,18,2,1,1,2,1.0986122886681098,1.0986122886681098,1,1,1,2,1
20,16,3.5,60,3,0,55,10,10,1,1,10,4.007333185232471,4.007333185232471,10,0,1,10,1
20,16,3.5,60,3,1,4,18,2,2,1,1,1.3862943611198906,1.3862943611198906,2,1,2,1,2
20,17,3.5,10,2,0,2,19,1,1,1,1,0.6931471805599453,0.6931471805599453,1,1,1,1,1
20,17,3.5,10,2,1,8,16,4,1,1,4,2.0794415416798357,2.0794415416798357,2,0,1,4,1
20,18,3.5,31,4,0,6,16,4,1,1,4,1.791759469228055,1.791759469228055,1,1,1,4,1
20,18,3.5,31,4,1,15,15,5,3,0,3,2.70805020110221,2.772588722239781,5,0,1,5,1
20,18,3.5,31,4,2,6,17,3,2,1,2,1.791759469228055,1.791759469228055,2,1,2,2,2
20,18,3.5,31,4,3,4,18,2,2,1,1,1.3862943611198906,1.3862943611198906,2,1,2,1,2
20,19,3.5,12,3,0,2,19,1,1,1,1,0.6931471805599453,0.6931471805599453,1,1,1,1,1
20,19,3.5,12,3,1,6,17,3,2,1,2,1.791759469228055,1.791759469228055,3,0,2,2,1
20,19,3.5,12,3,2,4,18,2,2,1,1,1.3862943611198906,1.3862943611198906,2,1,2,1,2
20,20,3.5,32,4,0,22,14,6,1,1,6,3.091042453358316,3.091042453358316,6,0,1,6,1
20,20,3.5,32,4,1,4,18,2,2,1,1,1.3862943611198906,1.3862943611198906,2,1,2,1,2
20,20,3.5,32,4,2,2,19,1,1,1,1,0.6931471805599453,0.6931471805599453,1,1,1,1,1
20,20,3.5,32,4,3,4,18,2,2,1,1,1.3862943611198906,1.3862943611198906,2,1,2,1,2
20,21,3.5,6,1,0,6,17,3,2,1,2,1.791759469228055,1.791759469228055,3,0,2,2,1
20,22,3.5,5,3,0,2,19,1,1,1,1,0.6931471805599453,0.6931471805599453,1,1,1,1,1
20,22,3.5,5,3,2,2,19,1,1,1,1,0.6931471805599453,0.6931471805599453,1,1,1,1,1
20,23,3.5,43,8,0,14,13,7,1,1,7,2.6390573296152584,2.6390573296152584,5,0,1,7,1
20,23,3.5,43,8,1,7,15,5,1,1,5,1.9459101490553132,1.9459101490553132,2,0,1,5,1
20,23,3.5,43,8,2,2,19,1,1,1,1,0.6931471805599453,0.6931471805599453,1,1,1,1,1
20,23,3.5,43,8,3,8,15,5,1,1,5,2.0794415416798357,2.0794415416798357,4,0,1,5,1
20,23,3.5,43,8,5,3,18,2,1,1,2,1.0986122886681098,1.0986122886681098,1,1,1,2,1
20,23,3.5,43,8,6,4,18,2,2,1,1,1.3862943611198906,1.3862943611198906,2,1,2,1,2
20,23,3.5,43,8,7,4,17,3,1,1,3,1.3862943611198906,1.3862943611198906,1,1,1,3,1
20,24,3.5,73,2,0,65,8,12,1,1,12,4.174387269895637,4.174387269895637,12,0,1,12,1
20,24,3.5,73,2,1,8,17,3,3,1,1,2.0794415416798357,2.0794415416798357,3,1,3,1,3
20,25,3.5,36,6,0,2,19,1,1,1,1,0.6931471805599453,0.6931471805599453,1,1,1,1,1
20,25,3.5,36,6,1,13,12,8,1,1,8,2.5649493574615367,2.5649493574615367,8,0,1,8,1
20,25,3.5,36,6,3,8,16,4,1,1,4,2.0794415416798357,2.0794415416798357,4,0,1,4,1
20,25,3.5,36,6,4,10,16,4,3,0,2,2.302585092994046,2.4849066497880004,4,0,1,4,1
20,25,3.5,36,6,5,2,19,1,1,1,1,0.6931471805599453,0.6931471805599453,1,1,1,1,1
20,26,3.5,71,3,0,8,16,4,1,1,4,2.0794415416798357,2.0794415416798357,4,0,1,4,1
20,26,3.5,71,3,1,59,7,13,1,1,13,4.07753744390572,4.07753744390572,13,0,1,13,1
20,26,3.5,71,3,2,4,17,3,1,1,3,1.3862943611198906,1.3862943611198906,1,1,1,3,1
20,27,3.5,226,4,0,211,2,18,2,0,17,5.351858133476067,5.655991810819852,18,0,1,18,1
20,27,3.5,226,4,1,13,15,5,1,1,5,2.5649493574615367,2.5649493574615367,5,0,1,5,1
20,28,3.5,9,2,0,8,17,3,3,1,1,2.0794415416798357,2.0794415416798357,3,1,3,1,3
20,29,3.5,5,2,0,4,18,2,2,1,1,1.3862943611198906,1.3862943611198906,2,1,2,1,2
20,0,3.8,18,3,0,3,18,2,1,1,2,1.0986122886681098,1.0986122886681098,1,1,1,2,1
20,0,3.8,18,3,1,8,16,4,2,1,3,2.0794415416798357,2.0794415416798357,3,0,2,3,1
20,0,3.8,18,3,2,7,16,4,1,1,4,1.9459101490553132,1.9459101490553132,1,1,1,4,1
20,1,3.8,21,2,0,19,13,7,1,1,7,2.9444389791664403,2.9444389791664403,7,0,1,7,1
20,1,3.8,21,2,1,2,19,1,1,1,1,0.6931471805599453,0.6931471805599453,1,1,1,1,1
20,2,3.8,106,3,0,102,10,10,1,1,10,4.624972813284271,4.624972813284271,10,0,1,10,1
20,2,3.8,106,3,1,2,19,1,1,1,1,0.6931471805599453,0.6931471805599453,1,1,1,1,1
20,2,3.8,106,3,2,2,19,1,1,1,1,0.6931471805599453,0.6931471805599453,1,1,1,1,1
20,3,3.8,17,4,0,6,17,3,2,1,2,1.791759469228055,1.791759469228055,3,0,2,2,1
20,3,3.8,17,4,2,6,17,3,2,1,2,1.791759469228055,1.791759469228055,2,1,2,2,2
20,3,3.8,17,4,3,4,18,2,2,1,1,1.3862943611198906,1.3862943611198906,2,1,2,1,2
20,4,3.8,47,2,0,14,15,5,3,0,2,2.6390573296152584,2.8903717578961645,5,0,2,4,1
20,4,3.8,47,2,1,33,12,8,1,1,8,3.4965075614664802,3.4965075614664802,8,0,1,8,1
20,5,3.8,150,2,0,146,6,14,1,1,14,4.983606621708336,4.983606621708336,14,0,1,14,1
20,5,3.8,150,2,1,4,18,2,2,1,1,1.3862943611198906,1.3862943611198906,2,1,2,1,2
20,6,3.8,18,3,0,12,16,4,3,1,2,2.4849066497880004,2.4849066497880004,4,0,3,2,1
20,6,3.8,18,3,1,4,18,2,2,1,1,1.3862943611198906,1.3862943611198906,2,1,2,1,2
20,6,3.8,18,3,2,2,19,1,1,1,1,0.6931471805599453,0.6931471805599453,1,1,1,1,1
20,7,3.8,11,2,0,2,19,1,1,1,1,0.6931471805599453,0.6931471805599453,1,1,1,1,1
20,7,3.8,11,2,1,9,15,5,1,1,5,2.1972245773362196,2.1972245773362196,1,1,1,5,1
20,8,3.8,21,4,0,15,13,7,1,1,7,2.70805020110221,2.70805020110221,5,0,1,7,1
20,8,3.8,21,4,1,2,19,1,1,1,1,0.6931471805599453,0.6931471805599453,1,1,1,1,1
20,8,3.8,21,4,3,3,18,2,1,1,2,1.0986122886681098,1.0986122886681098,1,1,1,2,1
20,9,3.8,4,1,0,4,18,2,2,1,1,1.3862943611198906,1.3862943611198906,2,1,2,1,2
20,10,3.8,41,3,0,31,13,7,3,0,5,3.4339872044851463,3.6888794541139367,7,0,1,7,1
20,10,3.8,41,3,1,9,15,5,1,1,5,2.1972245773362196,2.1972245773362196,5,0,1,5,1
20,11,3.8,36,3,0,6,17,3,2,1,2,1.791759469228055,1.791759469228055,2,1,2,2,2
20,11,3.8,36,3,1,14,14,6,1,1,6,2.6390573296152584,2.6390573296152584,6,0,1,6,1
20,11,3.8,36,3,2,16,15,5,3,0,2,2.772588722239781,2.890371757896165,5,0,1,5,1
20,12,3.8,79,3,0,70,5,15,1,1,15,4.248495242049359,4.248495242049359,15,0,1,15,1
20,12,3.8,79,3,1,5,17,3,1,1,3,1.6094379124341003,1.6094379124341003,3,0,1,3,1
20,12,3.8,79,3,2,4,18,2,2,1,1,1.3862943611198906,1.3862943611198906,2,1,2,1,2
20,13,3.8,188,3,0,157,7,13,3,0,11,5.056245805348308,5.497168225293202,13,0,1,13,1
20,13,3.8,188,3,1,12,16,4,3,1,2,2.4849066497880004,2.4849066497880004,4,0,3,2,1
20,13,3.8,188,3,2,19,11,9,1,1,9,2.9444389791664403,2.9444389791664403,9,0,1,9,1
20,14,3.8,19,6,0,8,16,4,1,1,4,2.0794415416798357,2.0794415416798357,3,0,1,4,1
20,14,3.8,19,6,2,2,19,1,1,1,1,0.6931471805599453,0.6931471805599453,1,1,1,1,1
20,14,3.8,19,6,3,4,17,3,1,1,3,1.3862943611198906,1.3862943611198906,2,1,1,3,2
20,14,3.8,19,6,4,3,18,2,1,1,2,1.0986122886681098,1.0986122886681098,1,1,1,2,1
20,15,3.8,13,2,1,12,16,4,3,1,2,2.4849066497880004,2.4849066497880004,4,0,3,2,1
20,16,3.8,8,2,0,4,18,2,2,1,1,1.3862943611198906,1.3862943611198906,2,1,2,1,2
20,16,3.8,8,2,1,4,18,2,2,1,1,1.3862943611198906,1.3862943611198906,2,1,2,1,2
20,17,3.8,113,2,0,96,10,10,2,1,9,4.564348191467836,4.564348191467836,10,0,2,9,1
20,17,3.8,113,2,1,17,11,9,1,1,9,2.833213344056216,2.833213344056216,5,0,1,9,1
20,18,3.8,64,2,0,62,8,12,1,1,12,4.127134385045092,4.127134385045092,12,0,1,12,1
20,18,3.8,64,2,1,2,19,1,1,1,1,0.6931471805599453,0.6931471805599453,1,1,1,1,1
20,19,3.8,10,1,0,10,16,4,2,1,3,2.302585092994046,2.3025850929940455,4,0,2,3,1
20,20,3.8,7,3,0,2,19,1,1,1,1,0.6931471805599453,0.6931471805599453,1,1,1,1,1
20,20,3.8,7,3,2,4,18,2,2,1,1,1.3862943611198906,1.3862943611198906,2,1,2,1,2
20,21,3.8,153,4,0,2,19,1,1,1,1,0.6931471805599453,0.6931471805599453,1,1,1,1,1
20,21,3.8,153,4,1,141,5,15,1,1,15,4.948759890378168,4.948759890378168,15,0,1,15,1
20,21,3.8,153,4,2,4,18,2,2,1,1,1.3862943611198906,1.3862943611198906,2,1,2,1,2
20,21,3.8,153,4,3,6,17,3,2,1,2,1.791759469228055,1.791759469228055,3,0,2,2,1
20,22,3.8,40,4,0,8,16,4,2,1,3,2.0794415416798357,2.0794415416798357,4,0,2,3,1
20,22,3.8,40,4,1,20,12,8,1,1,8,2.995732273553991,2.995732273553991,7,0,1,8,1
20,22,3.8,40,4,2,6,17,3,2,1,2,1.791759469228055,1.791759469228055,3,0,2,2,1
20,22,3.8,40,4,3,6,17,3,2,1,2,1.791759469228055,1.791759469228055,2,1,2,2,2
20,23,3.8,30,3,0,17,12,8,1,1,8,2.833213344056216,2.833213344056216,4,0,1,8,1
20,23,3.8,30,3,1,5,17,3,1,1,3,1.6094379124341003,1.6094379124341003,1,1,1,3,1
20,23,3.8,30,3,2,8,17,3,3,1,1,2.0794415416798357,2.0794415416798357,3,1,3,1,3
20,24,3.8,42,3,0,2,19,1,1,1,1,0.6931471805599453,0.6931471805599453,1,1,1,1,1
20,24,3.8,42,3,1,19,14,6,3,0,4,2.9444389791664403,2.995732273553991,6,0,1,6,1
20,24,3.8,42,3,2,21,13,7,1,1,7,3.044522437723423,3.044522437723423,7,0,1,7,1
20,25,3.8,18,5,0,2,19,1,1,1,1,0.6931471805599453,0.6931471805599453,1,1,1,1,1
20,25,3.8,18,5,1,10,13,7,1,1,7,2.302585092994046,2.302585092994046,7,0,1,7,1
20,25,3.8,18,5,3,2,19,1,1,1,1,0.6931471805599453,0.6931471805599453,1,1,1,1,1
20,25,3.8,18,5,4,3,18,2,1,1,2,1.0986122886681098,1.0986122886681098,1,1,1,2,1
20,26,3.8,4,1,0,4,18,2,2,1,1,1.3862943611198906,1.3862943611198906,2,1,2,1,2
20,27,3.8,2,1,0,2,19,1,1,1,1,0.6931471805599453,0.6931471805599453,1,1,1,1,1
20,28,3.8,9,3,0,5,16,4,1,1,4,1.6094379124341003,1.6094379124341003,2,0,1,4,1
20,28,3.8,9,3,1,2,19,1,1,1,1,0.6931471805599453,0.6931471805599453,1,1,1,1,1
20,28,3.8,9,3,2,2,19,1,1,1,1,0.6931471805599453,0.6931471805599453,1,1,1,1,1
20,29,3.8,37,3,0,23,14,6,3,0,3,3.1354942159291497,3.401197381662155,6,0,1,6,1
20,29,3.8,37,3,1,8,15,5,1,1,5,2.0794415416798357,2.0794415416798357,1,1,1,5,1
20,29,3.8,37,3,2,6,17,3,2,1,2,1.791759469228055,1.791759469228055,3,0,2,2,1
20,0,4.0,2,1,0,2,19,1,1,1,1,0.6931471805599453,0.6931471805599453,1,1,1,1,1
20,1,4.0,30,3,0,7,16,4,1,1,4,1.9459101490553132,1.9459101490553132,4,0,1,4,1
20,1,4.0,30,3,1,22,12,8,1,1,8,3.091042453358316,3.091042453358316,8,0,1,8,1
20,2,4.0,4,2,0,2,19,1,1,1,1,0.6931471805599453,0.6931471805599453,1,1,1,1,1
20,2,4.0,4,2,1,2,19,1,1,1,1,0.6931471805599453,0.6931471805599453,1,1,1,1,1
20,4,4.0,15,3,0,2,19,1,1,1,1,0.6931471805599453,0.6931471805599453,1,1,1,1,1
20,4,4.0,15,3,1,11,15,5,1,1,5,2.3978952727983707,2.3978952727983707,5,0,1,5,1
20,4,4.0,15,3,2,2,19,1,1,1,1,0.6931471805599453,0.6931471805599453,1,1,1,1,1
20,6,4.0,17,1,0,17,14,6,1,1,6,2.833213344056216,2.833213344056216,6,0,1,6,1
20,7,4.0,38,3,0,24,10,10,1,1,10,3.1780538303479458,3.1780538303479458,10,0,1,10,1
20,7,4.0,38,3,1,13,15,5,1,1,5,2.5649493574615367,2.5649493574615367,5,0,1,5,1
20,8,4.0,9,3,0,2,19,1,1,1,1,0.6931471805599453,0.6931471805599453,1,1,1,1,1
20,8,4.0,9,3,1,4,18,2,2,1,1,1.3862943611198906,1.3862943611198906,2,1,2,1,2
20,8,4.0,9,3,2,3,18,2,1,1,2,1.0986122886681098,1.0986122886681098,1,1,1,2,1
20,12,4.0,12,3,0,10,16,4,2,1,3,2.302585092994046,2.3025850929940455,4,0,2,3,1
20,13,4.0,28,3,0,16,15,5,2,1,4,2.772588722239781,2.772588722239781,5,0,2,4,1
20,13,4.0,28,3,1,4,18,2,2,1,1,1.3862943611198906,1.3862943611198906,2,1,2,1,2
20,13,4.0,28,3,2,8,16,4,2,1,3,2.0794415416798357,2.0794415416798357,2,0,2,3,1
20,14,4.0,4,1,0,4,18,2,2,1,1,1.3862943611198906,1.3862943611198906,2,1,2,1,2
20,17,4.0,50,2,0,47,11,9,1,1,9,3.8501476017100584,3.8501476017100584,9,0,1,9,1
20,17,4.0,50,2,1,3,18,2,1,1,2,1.0986122886681098,1.0986122886681098,1,1,1,2,1
20,19,4.0,11,4,0,4,18,2,2,1,1,1.3862943611198906,1.3862943611198906,2,1,2,1,2
20,19,4.0,11,4,2,4,18,2,2,1,1,1.3862943611198906,1.3862943611198906,2,1,2,1,2
20,19,4.0,11,4,3,2,19,1,1,1,1,0.6931471805599453,0.6931471805599453,1,1,1,1,1
20,20,4.0,117,7,0,46,11,9,2,0,8,3.828641396489095,3.871201010907891,9,0,1,9,1
20,20,4.0,117,7,1,23,13,7,1,1,7,3.1354942159291497,3.1354942159291497,7,0,1,7,1
20,20,4.0,117,7,2,20,14,6,2,1,5,2.995732273553991,2.9957322735539913,6,0,2,5,1
20,20,4.0,117,7,3,14,13,7,1,1,7,2.6390573296152584,2.6390573296152584,5,0,1,7,1
20,20,4.0,117,7,5,6,17,3,2,1,2,1.791759469228055,1.791759469228055,3,0,2,2,1
20,20,4.0,117,7,6,7,17,3,3,0,1,1.9459101490553132,2.0794415416798357,3,0,1,3,1
20,21,4.0,32,3,0,12,15,5,2,1,4,2.4849066497880004,2.4849066497880004,5,0,2,4,1
20,21,4.0,32,3,1,2,19,1,1,1,1,0.6931471805599453,0.6931471805599453,1,1,1,1,1
20,21,4.0,32,3,2,18,15,5,2,1,4,2.8903717578961645,2.890371757896165,5,0,2,4,1
20,23,4.0,56,4,2,3,18,2,1,1,2,1.0986122886681098,1.0986122886681098,1,1,1,2,1
20,23,4.0,56,4,3,51,7,13,1,1,13,3.9318256327243257,3.9318256327243257,13,0,1,13,1
20,24,4.0,50,3,0,39,8,12,1,1,12,3.6635616461296463,3.6635616461296463,12,0,1,12,1
20,24,4.0,50,3,1,2,19,1,1,1,1,0.6931471805599453,0.6931471805599453,1,1,1,1,1
20,24,4.0,50,3,2,9,16,4,2,1,2,2.1972245773362196,2.1972245773362196,3,0,2,2,1
20,26,4.0,5,3,0,2,19,1,1,1,1,0.6931471805599453,0.6931471805599453,1,1,1,1,1
20,26,4.0,5,3,2,2,19,1,1,1,1,0.6931471805599453,0.6931471805599453,1,1,1,1,1
20,27,4.0,19,3,0,9,16,4,2,1,2,2.1972245773362196,2.1972245773362196,3,0,2,2,1
20,27,4.0,19,3,1,8,16,4,1,1,4,2.0794415416798357,2.0794415416798357,2,0,1,4,1
20,27,4.0,19,3,2,2,19,1,1,1,1,0.6931471805599453,0.6931471805599453,1,1,1,1,1
20,28,4.0,115,2,0,113,6,14,1,1,14,4.727387818712341,4.727387818712341,14,0,1,14,1
20,28,4.0,115,2,1,2,19,1,1,1,1,0.6931471805599453,0.6931471805599453,1,1,1,1,1
20,29,4.0,15,2,0,13,15,5,3,0,3,2.5649493574615367,2.772588722239781,5,0,1,5,1
20,29,4.0,15,2,1,2,19,1,1,1,1,0.6931471805599453,0.6931471805599453,1,1,1,1,1
22,0,3.5,29,6,0,3,20,2,1,1,2,1.0986122886681098,1.0986122886681098,1,1,1,2,1
22,0,3.5,29,6,1,4,20,2,2,1,1,1.3862943611198906,1.3862943611198906,2,1,2,1,2
22,0,3.5,29,6,2,3,20,2,1,1,2,1.0986122886681098,1.0986122886681098,1,1,1,2,1
22,0,3.5,29,6,4,4,20,2,2,1,1,1.3862943611198906,1.3862943611198906,2,1,2,1,2
22,0,3.5,29,6,5,14,17,5,2,1,4,2.6390573296152584,2.6390573296152584,5,0,2,4,1
22,1,3.5,252,4,0,236,7,15,1,1,15,5.4638318050256105,5.4638318050256105,15,0,1,15,1
22,1,3.5,252,4,1,2,21,1,1,1,1,0.6931471805599453,0.6931471805599453,1,1,1,1,1
22,1,3.5,252,4,2,12,17,5,2,1,3,2.4849066497880004,2.4849066497880004,5,0,2,3,1
22,1,3.5,252,4,3,2,21,1,1,1,1,0.6931471805599453,0.6931471805599453,1,1,1,1,1
22,2,3.5,118,8,0,14,17,5,2,1,4,2.6390573296152584,2.6390573296152584,5,0,2,4,1
22,2,3.5,118,8,1,74,9,13,1,1,13,4.30406509320417,4.30406509320417,13,0,1,13,1
22,2,3.5,118,8,2,4,19,3,1,1,3,1.3862943611198906,1.3862943611198906,1,1,1,3,1
22,2,3.5,118,8,3,2,21,1,1,1,1,0.6931471805599453,0.6931471805599453,1,1,1,1,1
22,2,3.5,118,8,4,11,16,6,1,1,6,2.3978952727983707,2.3978952727983707,4,0,1,6,1
22,2,3.5,118,8,5,7,18,4,1,1,4,1.9459101490553132,1.9459101490553132,2,0,1,4,1
22,2,3.5,118,8,6,4,20,2,2,1,1,1.3862943611198906,1.3862943611198906,2,1,2,1,2
22,2,3.5,118,8,7,2,21,1,1,1,1,0.6931471805599453,0.6931471805599453,1,1,1,1,1
22,3,3.5,101,6,0,3,20,2,1,1,2,1.0986122886681098,1.0986122886681098,1,1,1,2,1
22,3,3.5,101,6,1,2,21,1,1,1,1,0.6931471805599453,0.6931471805599453,1,1,1,1,1
22,3,3.5,101,6,2,78,5,17,1,1,17,4.356708826689592,4.356708826689592,17,0,1,17,1
22,3,3.5,101,6,3,12,18,4,3,1,2,2.4849066497880004,2.4849066497880004,4,0,3,2,1
22,3,3.5,101,6,4,2,21,1,1,1,1,0.6931471805599453,0.6931471805599453,1,1,1,1,1
22,3,3.5,101,6,5,4,20,2,2,1,1,1.3862943611198906,1.3862943611198906,2,1,2,1,2
22,4,3.5,50,4,0,44,14,8,4,0,5,3.784189633918261,4.1588830833596715,8,0,2,7,1
22,4,3.5,50,4,1,2,21,1,1,1,1,0.6931471805599453,0.6931471805599453,1,1,1,1,1
22,4,3.5,50,4,2,2,21,1,1,1,1,0.6931471805599453,0.6931471805599453,1,1,1,1,1
22,4,3.5,50,4,3,2,21,1,1,1,1,0.6931471805599453,0.6931471805599453,1,1,1,1,1
22,5,3.5,47,4,0,2,21,1,1,1,1,0.6931471805599453,0.6931471805599453,1,1,1,1,1
22,5,3.5,47,4,1,4,20,2,2,1,1,1.3862943611198906,1.3862943611198906,2,1,2,1,2
22,5,3.5,47,4,2,22,14,8,1,1,8,3.091042453358316,3.091042453358316,7,0,1,8,1
22,5,3.5,47,4,3,19,16,6,3,0,4,2.9444389791664403,2.995732273553991,6,0,1,6,1
22,6,3.5,45,3,0,18,15,7,1,1,7,2.8903717578961645,2.8903717578961645,7,0,1,7,1
22,6,3.5,45,3,1,15,15,7,1,1,7,2.70805020110221,2.70805020110221,5,0,1,7,1
22,6,3.5,45,3,2,12,16,6,1,1,6,2.4849066497880004,2.4849066497880004,6,0,1,6,1
22,7,3.5,4,2,0,3,20,2,1,1,2,1.0986122886681098,1.0986122886681098,1,1,1,2,1
22,8,3.5,112,10,0,8,18,4,2,1,3,2.0794415416798357,2.0794415416798357,3,0,2,3,1
22,8,3.5,112,10,2,64,11,11,2,1,10,4.1588830833596715,4.1588830833596715,11,0,2,10,1
22,8,3.5,112,10,3,4,20,2,2,1,1,1.3862943611198906,1.3862943611198906,2,1,2,1,2
22,8,3.5,112,10,4,25,13,9,1,1,9,3.2188758248682006,3.2188758248682006,9,0,1,9,1
22,8,3.5,112,10,5,4,20,2,2,1,1,1.3862943611198906,1.3862943611198906,2,1,2,1,2
22,8,3.5,112,10,8,3,20,2,1,1,2,1.0986122886681098,1.0986122886681098,1,1,1,2,1
22,9,3.5,99,3,0,14,16,6,1,1,6,2.6390573296152584,2.6390573296152584,4,0,1,6,1
22,9,3.5,99,3,1,34,11,11,1,1,11,3.5263605246161616,3.5263605246161616,11,0,1,11,1
22,9,3.5,99,3,2,51,10,12,1,1,12,3.9318256327243257,3.9318256327243257,12,0,1,12,1
22,10,3.5,31,2,0,16,17,5,3,1,3,2.772588722239781,2.772588722239781,5,0,3,3,1
22,10,3.5,31,2,1,15,16,6,1,1,6,2.70805020110221,2.70805020110221,5,0,1,6,1
22,11,3.5,87,4,0,16,17,5,3,1,3,2.772588722239781,2.772588722239781,5,0,3,3,1
22,11,3.5,87,4,1,53,13,9,1,1,9,3.970291913552122,3.970291913552122,9,0,1,9,1
22,11,3.5,87,4,2,10,18,4,2,1,3,2.302585092994046,2.3025850929940455,4,0,2,3,1
22,11,3.5,87,4,3,8,18,4,1,1,4,2.0794415416798357,2.0794415416798357,3,0,1,4,1
22,12,3.5,2,1,0,2,21,1,1,1,1,0.6931471805599453,0.6931471805599453,1,1,1,1,1
22,13,3.5,145,2,0,122,4,18,1,1,18,4.804021044733257,4.804021044733257,18,0,1,18,1
22,13,3.5,145,2,1,23,15,7,1,1,7,3.1354942159291497,3.1354942159291497,7,0,1,7,1
22,14,3.5,46,4,0,18,15,7,2,1,6,2.8903717578961645,2.890371757896165,7,0,2,6,1
22,14,3.5,46,4,1,4,20,2,2,1,1,1.3862943611198906,1.3862943611198906,2,1,2,1,2
22,14,3.5,46,4,2,12,17,5,2,1,4,2.4849066497880004,2.4849066497880004,4,0,2,4,1
22,14,3.5,46,4,3,12,17,5,2,1,4,2.4849066497880004,2.4849066497880004,5,0,2,4,1
22,15,3.5,41,5,0,12,15,7,1,1,7,2.4849066497880004,2.4849066497880004,1,1,1,7,1
22,15,3.5,41,5,1,6,19,3,2,1,2,1.791759469228055,1.791759469228055,3,0,2,2,1
22,15,3.5,41,5,2,5,19,3,1,1,3,1.6094379124341003,1.6094379124341003,1,1,1,3,1
22,15,3.5,41,5,3,4,20,2,2,1,1,1.3862943611198906,1.3862943611198906,2,1,2,1,2
22,15,3.5,41,5,4,14,13,9,1,1,9,2.6390573296152584,2.6390573296152584,8,0,1,9,1
22,16,3.5,88,4,0,30,15,7,3,1,4,3.4011973816621555,3.401197381662155,7,0,3,4,1
22,16,3.5,88,4,1,40,16,6,4,1,3,3.6888794541139363,3.6888794541139363,6,0,4,3,1
22,16,3.5,88,4,2,6,19,3,2,1,2,1.791759469228055,1.791759469228055,2,1,2,2,2
22,16,3.5,88,4,3,12,17,5,2,1,4,2.4849066497880004,2.4849066497880004,3,0,2,4,1
22,17,3.5,64,5,0,15,17,5,2,1,3,2.70805020110221,2.70805020110221,5,0,2,3,1
22,17,3.5,64,5,1,5,18,4,1,1,4,1.6094379124341003,1.6094379124341003,1,1,1,4,1
22,17,3.5,64,5,2,25,14,8,1,1,8,3.2188758248682006,3.2188758248682006,8,0,1,8,1
22,17,3.5,64,5,3,11,16,6,1,1,6,2.3978952727983707,2.3978952727983707,3,0,1,6,1
22,17,3.5,64,5,4,8,19,3,3,1,1,2.0794415416798357,2.0794415416798357,3,1,3,1,3
22,18,3.5,435,3,0,399,3,19,2,0,18,5.988961416889864,6.148468295917647,19,0,1,19,1
22,18,3.5,435,3,1,22,15,7,2,1,6,3.091042453358316,3.091042453358316,5,0,2,6,1
22,18,3.5,435,3,2,14,15,7,1,1,7,2.6390573296152584,2.6390573296152584,6,0,1,7,1
22,19,3.5,191,2,0,22,17,5,4,0,2,3.091042453358316,3.1780538303479458,5,0,2,4,1
22,19,3.5,191,2,1,169,7,15,1,1,15,5.1298987149230735,5.1298987149230735,15,0,1,15,1
22,20,3.5,90,3,0,64,14,8,2,0,7,4.1588830833596715,4.219507705176107,8,0,1,8,1
22,20,3.5,90,3,1,17,15,7,1,1,7,2.833213344056216,2.833213344056216,7,0,1,7,1
22,20,3.5,90,3,2,9,17,5,2,0,4,2.1972245773362196,2.3025850929940455,4,0,1,5,1
22,21,3.5,64,9,0,14,16,6,1,1,6,2.6390573296152584,2.6390573296152584,6,0,1,6,1
22,21,3.5,64,9,1,7,18,4,1,1,4,1.9459101490553132,1.9459101490553132,3,0,1,4,1
22,21,3.5,64,9,2,5,19,3,1,1,3,1.6094379124341003,1.6094379124341003,2,0,1,3,1
22,21,3.5,64,9,3,27,11,11,1,1,11,3.295836866004329,3.295836866004329,11,0,1,11,1
22,21,3.5,64,9,4,3,20,2,1,1,2,1.0986122886681098,1.0986122886681098,1,1,1,2,1
22,21,3.5,64,9,5,4,20,2,2,1,1,1.3862943611198906,1.3862943611198906,2,1,2,1,2
22,21,3.5,64,9,6,2,21,1,1,1,1,0.6931471805599453,0.6931471805599453,1,1,1,1,1
22,22,3.5,33,3,0,9,18,4,1,1,4,2.1972245773362196,2.1972245773362196,3,0,1,4,1
22,22,3.5,33,3,1,4,20,2,2,1,1,1.3862943611198906,1.3862943611198906,2,1,2,1,2
22,22,3.5,33,3,2,20,17,5,3,1,3,2.995732273553991,2.995732273553991,5,0,3,3,1
22,23,3.5,297,9,0,106,3,19,1,1,19,4.663439094112067,4.663439094112067,19,0,1,19,1
22,23,3.5,297,9,2,86,11,11,2,1,10,4.454347296253507,4.454347296253507,11,0,2,10,1
22,23,3.5,297,9,3,4,19,3,1,1,3,1.3862943611198906,1.3862943611198906,1,1,1,3,1
22,23,3.5,297,9,5,18,13,9,1,1,9,2.8903717578961645,2.8903717578961645,5,0,1,9,1
22,23,3.5,297,9,6,72,7,15,1,1,15,4.276666119016055,4.276666119016055,15,0,1,15,1
22,23,3.5,297,9,7,3,20,2,1,1,2,1.0986122886681098,1.0986122886681098,1,1,1,2,1
22,23,3.5,297,9,8,6,19,3,2,1,2,1.791759469228055,1.791759469228055,3,0,2,2,1
22,24,3.5,29,3,0,5,18,4,1,1,4,1.6094379124341003,1.6094379124341003,1,1,1,4,1
22,24,3.5,29,3,1,2,21,1,1,1,1,0.6931471805599453,0.6931471805599453,1,1,1,1,1
22,24,3.5,29,3,2,22,16,6,2,1,5,3.091042453358316,3.091042453358316,6,0,2,5,1
22,25,3.5,110,6,0,36,12,10,1,1,10,3.58351893845611,3.58351893845611,10,0,1,10,1
22,25,3.5,110,6,1,36,13,9,1,1,9,3.58351893845611,3.58351893845611,9,0,1,9,1
22,25,3.5,110,6,2,12,17,5,2,0,3,2.4849066497880004,2.70805020110221,5,0,1,5,1
22,25,3.5,110,6,3,16,17,5,2,1,4,2.772588722239781,2.772588722239781,5,0,2,4,1
22,25,3.5,110,6,4,4,20,2,2,1,1,1.3862943611198906,1.3862943611198906,2,1,2,1,2
22,25,3.5,110,6,5,6,18,4,1,1,4,1.791759469228055,1.791759469228055,3,0,1,4,1
22,26,3.5,425,7,0,288,3,19,7,0,13,5.662960480135946,8.743850562030245,19,0,1,19,1
22,26,3.5,425,7,1,5,18,4,1,1,4,1.6094379124341003,1.6094379124341003,1,1,1,4,1
22,26,3.5,425,7,2,7,18,4,1,1,4,1.9459101490553132,1.9459101490553132,4,0,1,4,1
22,26,3.5,425,7,3,118,9,13,1,1,13,4.770684624465665,4.770684624465665,13,0,1,13,1
22,26,3.5,425,7,6,5,18,4,1,1,4,1.6094379124341003,1.6094379124341003,1,1,1,4,1
22,27,3.5,211,4,0,6,18,4,1,1,4,1.791759469228055,1.791759469228055,1,1,1,4,1
22,27,3.5,211,4,1,190,7,15,1,1,15,5.247024072160486,5.247024072160486,15,0,1,15,1
22,27,3.5,211,4,3,14,17,5,2,1,4,2.6390573296152584,2.6390573296152584,4,0,2,4,1
22,28,3.5,61,2,0,27,14,8,1,1,8,3.295836866004329,3.295836866004329,8,0,1,8,1
22,28,3.5,61,2,1,34,12,10,1,1,10,3.5263605246161616,3.5263605246161616,10,0,1,10,1
22,29,3.5,42,3,0,35,10,12,1,1,12,3.5553480614894135,3.5553480614894135,12,0,1,12,1
22,29,3.5,42,3,1,6,17,5,1,1,5,1.791759469228055,1.791759469228055,1,1,1,5,1
22,0,3.8,41,3,0,36,14,8,2,1,7,3.58351893845611,3.58351893845611,8,0,2,7,1
22,0,3.8,41,3,1,4,19,3,1,1,3,1.3862943611198906,1.3862943611198906,2,1,1,3,2
22,1,3.8,6,1,0,6,19,3,2,1,2,1.791759469228055,1.791759469228055,3,0,2,2,1
22,3,3.8,19,3,0,14,17,5,2,1,4,2.6390573296152584,2.6390573296152584,5,0,2,4,1
22,3,3.8,19,3,1,2,21,1,1,1,1,0.6931471805599453,0.6931471805599453,1,1,1,1,1
22,3,3.8,19,3,2,3,20,2,1,1,2,1.0986122886681098,1.0986122886681098,1,1,1,2,1
22,5,3.8,202,2,0,200,4,18,1,1,18,5.298317366548036,5.298317366548036,18,0,1,18,1
22,5,3.8,202,2,1,2,21,1,1,1,1,0.6931471805599453,0.6931471805599453,1,1,1,1,1
22,6,3.8,57,6,0,28,15,7,1,1,7,3.332204510175204,3.332204510175204,7,0,1,7,1
22,6,3.8,57,6,1,15,14,8,1,1,8,2.70805020110221,2.70805020110221,6,0,1,8,1
22,6,3.8,57,6,3,4,20,2,2,1,1,1.3862943611198906,1.3862943611198906,2,1,2,1,2
22,6,3.8,57,6,4,6,19,3,2,1,2,1.791759469228055,1.791759469228055,2,1,2,2,2
22,6,3.8,57,6,5,3,20,2,1,1,2,1.0986122886681098,1.0986122886681098,1,1,1,2,1
22,7,3.8,3,2,0,2,21,1,1,1,1,0.6931471805599453,0.6931471805599453,1,1,1,1,1
22,9,3.8,7,4,1,3,20,2,1,1,2,1.0986122886681098,1.0986122886681098,1,1,1,2,1
22,9,3.8,7,4,3,2,21,1,1,1,1,0.6931471805599453,0.6931471805599453,1,1,1,1,1
22,10,3.8,80,5,0,38,11,11,1,1,11,3.6375861597263857,3.6375861597263857,11,0,1,11,1
22,10,3.8,80,5,1,8,19,3,3,1,1,2.0794415416798357,2.0794415416798357,3,1,3,1,3
22,10,3.8,80,5,2,8,18,4,2,1,3,2.0794415416798357,2.0794415416798357,3,0,2,3,1
22,10,3.8,80,5,3,14,17,5,2,1,4,2.6390573296152584,2.6390573296152584,5,0,2,4,1
22,10,3.8,80,5,4,12,17,5,2,0,4,2.4849066497880004,2.6390573296152584,5,0,1,5,1
22,11,3.8,29,2,0,22,12,10,1,1,10,3.091042453358316,3.091042453358316,10,0,1,10,1
22,11,3.8,29,2,1,7,17,5,2,0,4,1.9459101490553132,2.3025850929940455,2,0,1,5,1
22,13,3.8,6,1,0,6,19,3,2,1,2,1.791759469228055,1.791759469228055,3,0,2,2,1
22,15,3.8,219,9,0,33,12,10,3,0,8,3.4965075614664802,3.6888794541139367,10,0,1,10,1
22,15,3.8,219,9,1,136,5,17,1,1,17,4.912654885736052,4.912654885736052,17,0,1,17,1
22,15,3.8,219,9,2,2,21,1,1,1,1,0.6931471805599453,0.6931471805599453,1,1,1,1,1
22,15,3.8,219,9,3,19,16,6,3,0,3,2.9444389791664403,3.1780538303479458,6,0,1,6,1
22,15,3.8,219,9,4,10,17,5,2,1,4,2.302585092994046,2.3025850929940455,3,0,2,4,1
22,15,3.8,219,9,5,8,18,4,2,1,3,2.0794415416798357,2.0794415416798357,3,0,2,3,1
22,15,3.8,219,9,6,8,18,4,2,1,3,2.0794415416798357,2.0794415416798357,3,0,2,3,1
22,15,3.8,219,9,7,2,21,1,1,1,1,0.6931471805599453,0.6931471805599453,1,1,1,1,1
22,16,3.8,5,3,0,2,21,1,1,1,1,0.6931471805599453,0.6931471805599453,1,1,1,1,1
22,16,3.8,5,3,1,2,21,1,1,1,1,0.6931471805599453,0.6931471805599453,1,1,1,1,1
22,17,3.8,22,6,0,9,17,5,1,1,5,2.1972245773362196,2.1972245773362196,5,0,1,5,1
22,17,3.8,22,6,1,6,18,4,1,1,4,1.791759469228055,1.791759469228055,3,0,1,4,1
22,17,3.8,22,6,2,2,21,1,1,1,1,0.6931471805599453,0.6931471805599453,1,1,1,1,1
22,17,3.8,22,6,4,3,20,2,1,1,2,1.0986122886681098,1.0986122886681098,1,1,1,2,1
22,18,3.8,99,4,0,20,16,6,1,1,6,2.995732273553991,2.995732273553991,6,0,1,6,1
22,18,3.8,99,4,1,32,15,7,3,0,4,3.4657359027997265,3.58351893845611,7,0,2,6,1
22,18,3.8,99,4,2,39,13,9,3,0,6,3.6635616461296463,3.8712010109078907,9,0,2,7,1
22,18,3.8,99,4,3,8,17,5,1,1,5,2.0794415416798357,2.0794415416798357,1,1,1,5,1
22,20,3.8,78,3,0,44,16,6,5,0,2,3.784189633918261,3.871201010907891,6,0,3,4,1
22,20,3.8,78,3,1,28,14,8,1,1,8,3.332204510175204,3.332204510175204,8,0,1,8,1
22,20,3.8,78,3,2,6,19,3,2,1,2,1.791759469228055,1.791759469228055,3,0,2,2,1
22,21,3.8,61,3,0,8,17,5,1,1,5,2.0794415416798357,2.0794415416798357,3,0,1,5,1
22,21,3.8,61,3,1,48,8,14,1,1,14,3.871201010907891,3.871201010907891,14,0,1,14,1
22,21,3.8,61,3,2,5,19,3,1,1,3,1.6094379124341003,1.6094379124341003,1,1,1,3,1
22,22,3.8,61,4,0,47,10,12,1,1,12,3.8501476017100584,3.8501476017100584,12,0,1,12,1
22,22,3.8,61,4,1,8,19,3,3,1,1,2.0794415416798357,2.0794415416798357,3,1,3,1,3
22,22,3.8,61,4,2,4,20,2,2,1,1,1.3862943611198906,1.3862943611198906,2,1,2,1,2
22,22,3.8,61,4,3,2,21,1,1,1,1,0.6931471805599453,0.6931471805599453,1,1,1,1,1
22,23,3.8,15,2,0,5,19,3,1,1,3,1.6094379124341003,1.6094379124341003,1,1,1,3,1
22,23,3.8,15,2,1,10,17,5,2,1,4,2.302585092994046,2.3025850929940455,5,0,2,4,1
22,24,3.8,27,5,0,13,16,6,1,1,6,2.5649493574615367,2.5649493574615367,4,0,1,6,1
22,24,3.8,27,5,1,4,19,3,1,1,3,1.3862943611198906,1.3862943611198906,1,1,1,3,1
22,24,3.8,27,5,2,4,19,3,1,1,3,1.3862943611198906,1.3862943611198906,1,1,1,3,1
22,24,3.8,27,5,3,4,20,2,2,1,1,1.3862943611198906,1.3862943611198906,2,1,2,1,2
22,24,3.8,27,5,4,2,21,1,1,1,1,0.6931471805599453,0.6931471805599453,1,1,1,1,1
22,25,3.8,167,5,0,152,1,21,1,1,21,5.0238805208462765,5.0238805208462765,21,0,1,21,1
22,25,3.8,167,5,1,4,19,3,1,1,3,1.3862943611198906,1.3862943611198906,1,1,1,3,1
22,25,3.8,167,5,2,4,20,2,2,1,1,1.3862943611198906,1.3862943611198906,2,1,2,1,2
22,25,3.8,167,5,4,6,18,4,1,1,4,1.791759469228055,1.791759469228055,2,1,1,4,2
22,26,3.8,38,6,0,7,17,5,1,1,5,1.9459101490553132,1.9459101490553132,1,1,1,5,1
22,26,3.8,38,6,1,2,21,1,1,1,1,0.6931471805599453,0.6931471805599453,1,1,1,1,1
22,26,3.8,38,6,2,19,15,7,1,1,7,2.9444389791664403,2.9444389791664403,7,0,1,7,1
22,26,3.8,38,6,3,6,18,4,1,1,4,1.791759469228055,1.791759469228055,1,1,1,4,1
22,26,3.8,38,6,4,2,21,1,1,1,1,0.6931471805599453,0.6931471805599453,1,1,1,1,1
22,26,3.8,38,6,5,2,21,1,1,1,1,0.6931471805599453,0.6931471805599453,1,1,1,1,1
22,27,3.8,112,2,0,108,11,11,1,1,11,4.68213122712422,4.68213122712422,11,0,1,11,1
22,27,3.8,112,2,1,4,19,3,1,1,3,1.3862943611198906,1.3862943611198906,1,1,1,3,1
22,28,3.8,109,6,0,5,19,3,1,1,3,1.6094379124341003,1.6094379124341003,2,0,1,3,1
22,28,3.8,109,6,1,86,9,13,1,1,13,4.454347296253507,4.454347296253507,13,0,1,13,1
22,28,3.8,109,6,2,8,19,3,3,1,1,2.0794415416798357,2.0794415416798357,3,1,3,1,3
22,28,3.8,109,6,3,4,19,3,1,1,3,1.3862943611198906,1.3862943611198906,1,1,1,3,1
22,28,3.8,109,6,4,4,19,3,1,1,3,1.3862943611198906,1.3862943611198906,1,1,1,3,1
22,28,3.8,109,6,5,2,21,1,1,1,1,0.6931471805599453,0.6931471805599453,1,1,1,1,1
22,29,3.8,31,7,0,4,19,3,1,1,3,1.3862943611198906,1.3862943611198906,1,1,1,3,1
22,29,3.8,31,7,1,7,18,4,1,1,4,1.9459101490553132,1.9459101490553132,1,1,1,4,1
22,29,3.8,31,7,2,8,16,6,1,1,6,2.0794415416798357,2.0794415416798357,1,1,1,6,1
22,29,3.8,31,7,4,2,21,1,1,1,1,0.6931471805599453,0.6931471805599453,1,1,1,1,1
22,29,3.8,31,7,5,4,20,2,2,1,1,1.3862943611198906,1.3862943611198906,2,1,2,1,2
22,29,3.8,31,7,6,5,19,3,1,1,3,1.6094379124341003,1.6094379124341003,1,1,1,3,1
22,1,4.0,26,3,0,4,20,2,2,1,1,1.3862943611198906,1.3862943611198906,2,1,2,1,2
22,1,4.0,26,3,1,20,16,6,1,1,6,2.995732273553991,2.995732273553991,6,0,1,6,1
22,1,4.0,26,3,2,2,21,1,1,1,1,0.6931471805599453,0.6931471805599453,1,1,1,1,1
22,2,4.0,18,2,0,16,17,5,3,1,3,2.772588722239781,2.772588722239781,5,0,3,3,1
22,2,4.0,18,2,1,2,21,1,1,1,1,0.6931471805599453,0.6931471805599453,1,1,1,1,1
22,3,4.0,37,6,0,6,19,3,2,1,2,1.791759469228055,1.791759469228055,3,0,2,2,1
22,3,4.0,37,6,1,9,18,4,2,1,2,2.1972245773362196,2.1972245773362196,4,0,2,2,1
22,3,4.0,37,6,2,2,21,1,1,1,1,0.6931471805599453,0.6931471805599453,1,1,1,1,1
22,3,4.0,37,6,3,4,20,2,2,1,1,1.3862943611198906,1.3862943611198906,2,1,2,1,2
22,3,4.0,37,6,4,8,18,4,2,1,3,2.0794415416798357,2.0794415416798357,3,0,2,3,1
22,3,4.0,37,6,5,8,19,3,3,1,1,2.0794415416798357,2.0794415416798357,3,1,3,1,3
22,4,4.0,41,6,0,2,21,1,1,1,1,0.6931471805599453,0.6931471805599453,1,1,1,1,1
22,4,4.0,41,6,1,15,13,9,1,1,9,2.70805020110221,2.70805020110221,6,0,1,9,1
22,4,4.0,41,6,2,16,15,7,1,1,7,2.772588722239781,2.772588722239781,7,0,1,7,1
22,4,4.0,41,6,3,2,21,1,1,1,1,0.6931471805599453,0.6931471805599453,1,1,1,1,1
22,4,4.0,41,6,4,4,20,2,2,1,1,1.3862943611198906,1.3862943611198906,2,1,2,1,2
22,4,4.0,41,6,5,2,21,1,1,1,1,0.6931471805599453,0.6931471805599453,1,1,1,1,1
22,7,4.0,101,9,0,55,9,13,1,1,13,4.007333185232471,4.007333185232471,13,0,1,13,1
22,7,4.0,101,9,1,8,18,4,2,1,3,2.0794415416798357,2.0794415416798357,1,1,2,3,1
22,7,4.0,101,9,2,10,18,4,2,1,3,2.302585092994046,2.3025850929940455,4,0,2,3,1
22,7,4.0,101,9,3,4,20,2,2,1,1,1.3862943611198906,1.3862943611198906,2,1,2,1,2
22,7,4.0,101,9,4,4,20,2,2,1,1,1.3862943611198906,1.3862943611198906,2,1,2,1,2
22,7,4.0,101,9,5,3,20,2,1,1,2,1.0986122886681098,1.0986122886681098,1,1,1,2,1
22,7,4.0,101,9,6,8,17,5,1,1,5,2.0794415416798357,2.0794415416798357,4,0,1,5,1
22,7,4.0,101,9,8,8,19,3,3,1,1,2.0794415416798357,2.0794415416798357,3,1,3,1,3
22,9,4.0,68,4,0,35,14,8,2,0,7,3.5553480614894135,3.58351893845611,8,0,1,8,1
22,9,4.0,68,4,2,24,16,6,2,1,5,3.1780538303479458,3.1780538303479458,6,0,2,5,1
22,9,4.0,68,4,3,8,19,3,3,1,1,2.0794415416798357,2.0794415416798357,3,1,3,1,3
22,10,4.0,2,1,0,2,21,1,1,1,1,0.6931471805599453,0.6931471805599453,1,1,1,1,1
22,11,4.0,18,1,0,18,16,6,1,1,6,2.8903717578961645,2.8903717578961645,6,0,1,6,1
22,12,4.0,14,1,0,14,17,5,3,0,3,2.6390573296152584,2.772588722239781,5,0,2,4,1
22,13,4.0,4,1,0,4,20,2,2,1,1,1.3862943611198906,1.3862943611198906,2,1,2,1,2
22,14,4.0,49,4,0,29,12,10,1,1,10,3.367295829986474,3.367295829986474,10,0,1,10,1
22,14,4.0,49,4,1,2,21,1,1,1,1,0.6931471805599453,0.6931471805599453,1,1,1,1,1
22,14,4.0,49,4,2,15,16,6,2,1,4,2.70805020110221,2.70805020110221,6,0,2,4,1
22,14,4.0,49,4,3,3,20,2,1,1,2,1.0986122886681098,1.0986122886681098,1,1,1,2,1
22,15,4.0,51,2,0,4,20,2,2,1,1,1.3862943611198906,1.3862943611198906,2,1,2,1,2
22,15,4.0,51,2,1,47,10,12,1,1,12,3.8501476017100584,3.8501476017100584,12,0,1,12,1
22,16,4.0,39,2,0,37,11,11,1,1,11,3.6109179126442243,3.6109179126442243,11,0,1,11,1
22,16,4.0,39,2,1,2,21,1,1,1,1,0.6931471805599453,0.6931471805599453,1,1,1,1,1
22,17,4.0,465,4,0,159,5,17,1,1,17,5.0689042022202315,5.0689042022202315,17,0,1,17,1
22,17,4.0,465,4,1,265,5,17,1,1,17,5.579729825986222,5.579729825986222,17,0,1,17,1
22,17,4.0,465,4,2,39,13,9,1,1,9,3.6635616461296463,3.6635616461296463,9,0,1,9,1
22,17,4.0,465,4,3,2,21,1,1,1,1,0.6931471805599453,0.6931471805599453,1,1,1,1,1
22,18,4.0,2,1,0,2,21,1,1,1,1,0.6931471805599453,0.6931471805599453,1,1,1,1,1
22,19,4.0,39,2,0,5,19,3,1,1,3,1.6094379124341003,1.6094379124341003,1,1,1,3,1
22,19,4.0,39,2,1,34,14,8,1,1,8,3.5263605246161616,3.5263605246161616,8,0,1,8,1
22,20,4.0,131,3,0,103,8,14,1,1,14,4.634728988229636,4.634728988229636,14,0,1,14,1
22,20,4.0,131,3,1,20,15,7,4,0,4,2.995732273553991,3.6888794541139363,6,0,1,7,1
22,20,4.0,131,3,2,8,19,3,3,1,1,2.0794415416798357,2.0794415416798357,3,1,3,1,3
22,21,4.0,27,5,0,11,15,7,1,1,7,2.3978952727983707,2.3978952727983707,3,0,1,7,1
22,21,4.0,27,5,1,9,15,7,1,1,7,2.1972245773362196,2.1972245773362196,1,1,1,7,1
22,21,4.0,27,5,2,2,21,1,1,1,1,0.6931471805599453,0.6931471805599453,1,1,1,1,1
22,21,4.0,27,5,3,2,21,1,1,1,1,0.6931471805599453,0.6931471805599453,1,1,1,1,1
22,21,4.0,27,5,4,3,20,2,1,1,2,1.0986122886681098,1.0986122886681098,1,1,1,2,1
22,22,4.0,8,2,0,6,19,3,2,1,2,1.791759469228055,1.791759469228055,3,0,2,2,1
22,22,4.0,8,2,1,2,21,1,1,1,1,0.6931471805599453,0.6931471805599453,1,1,1,1,1
22,23,4.0,32,6,1,18,15,7,1,1,7,2.8903717578961645,2.8903717578961645,7,0,1,7,1
22,23,4.0,32,6,2,2,21,1,1,1,1,0.6931471805599453,0.6931471805599453,1,1,1,1,1
22,23,4.0,32,6,3,2,21,1,1,1,1,0.6931471805599453,0.6931471805599453,1,1,1,1,1
22,23,4.0,32,6,4,7,19,3,3,0,1,1.9459101490553132,2.0794415416798357,3,0,1,3,1
22,23,4.0,32,6,5,2,21,1,1,1,1,0.6931471805599453,0.6931471805599453,1,1,1,1,1
22,24,4.0,41,4,0,9,18,4,2,1,2,2.1972245773362196,2.1972245773362196,3,0,2,2,1
22,24,4.0,41,4,1,18,13,9,1,1,9,2.8903717578961645,2.8903717578961645,9,0,1,9,1
22,24,4.0,41,4,3,13,17,5,1,1,5,2.5649493574615367,2.5649493574615367,4,0,1,5,1
22,25,4.0,177,2,0,14,14,8,1,1,8,2.6390573296152584,2.6390573296152584,8,0,1,8,1
22,25,4.0,177,2,1,163,5,17,1,1,17,5.093750200806762,5.093750200806762,17,0,1,17,1
22,26,4.0,54,8,1,2,21,1,1,1,1,0.6931471805599453,0.6931471805599453,1,1,1,1,1
22,26,4.0,54,8,3,19,14,8,1,1,8,2.9444389791664403,2.9444389791664403,8,0,1,8,1
22,26,4.0,54,8,4,16,17,5,3,1,3,2.772588722239781,2.772588722239781,5,0,3,3,1
22,26,4.0,54,8,5,6,19,3,2,1,2,1.791759469228055,1.791759469228055,3,0,2,2,1
22,26,4.0,54,8,6,5,19,3,1,1,3,1.6094379124341003,1.6094379124341003,3,0,1,3,1
22,26,4.0,54,8,7,4,20,2,2,1,1,1.3862943611198906,1.3862943611198906,2,1,2,1,2
22,28,4.0,201,5,0,111,6,16,1,1,16,4.709530201312334,4.709530201312334,16,0,1,16,1
22,28,4.0,201,5,1,6,19,3,2,1,2,1.791759469228055,1.791759469228055,3,0,2,2,1
22,28,4.0,201,5,2,2,21,1,1,1,1,0.6931471805599453,0.6931471805599453,1,1,1,1,1
22,28,4.0,201,5,3,16,16,6,2,1,5,2.772588722239781,2.772588722239781,6,0,2,5,1
22,28,4.0,201,5,4,66,12,10,2,0,9,4.189654742026425,4.276666119016055,10,0,1,10,1
22,29,4.0,55,10,1,2,21,1,1,1,1,0.6931471805599453,0.6931471805599453,1,1,1,1,1
22,29,4.0,55,10,2,12,18,4,3,1,2,2.4849066497880004,2.4849066497880004,4,0,3,2,1
22,29,4.0,55,10,4,2,21,1,1,1,1,0.6931471805599453,0.6931471805599453,1,1,1,1,1
22,29,4.0,55,10,5,10,15,7,1,1,7,2.302585092994046,2.302585092994046,1,1,1,7,1
22,29,4.0,55,10,6,4,19,3,1,1,3,1.3862943611198906,1.3862943611198906,1,1,1,3,1
22,29,4.0,55,10,7,2,21,1,1,1,1,0.6931471805599453,0.6931471805599453,1,1,1,1,1
22,29,4.0,55,10,8,18,15,7,1,1,7,2.8903717578961645,2.8903717578961645,7,0,1,7,1
22,29,4.0,55,10,9,3,20,2,1,1,2,1.0986122886681098,1.0986122886681098,1,1,1,2,1
24,0,3.5,43,6,0,2,23,1,1,1,1,0.6931471805599453,0.6931471805599453,1,1,1,1,1
24,0,3.5,43,6,1,6,21,3,2,1,2,1.791759469228055,1.791759469228055,3,0,2,2,1
24,0,3.5,43,6,2,4,21,3,1,1,3,1.3862943611198906,1.3862943611198906,1,1,1,3,1
24,0,3.5,43,6,3,16,20,4,4,1,1,2.772588722239781,2.772588722239781,4,1,4,1,4
24,0,3.5,43,6,5,14,19,5,2,1,4,2.6390573296152584,2.6390573296152584,5,0,2,4,1
24,1,3.5,39,5,0,2,23,1,1,1,1,0.6931471805599453,0.6931471805599453,1,1,1,1,1
24,1,3.5,39,5,1,5,20,4,1,1,4,1.6094379124341003,1.6094379124341003,1,1,1,4,1
24,1,3.5,39,5,2,3,22,2,1,1,2,1.0986122886681098,1.0986122886681098,1,1,1,2,1
24,1,3.5,39,5,3,26,16,8,1,1,8,3.258096538021482,3.258096538021482,8,0,1,8,1
24,1,3.5,39,5,4,3,22,2,1,1,2,1.0986122886681098,1.0986122886681098,1,1,1,2,1
24,2,3.5,52,5,0,20,19,5,4,0,2,2.995732273553991,3.1780538303479458,5,0,2,4,1
24,2,3.5,52,5,1,6,21,3,2,1,2,1.791759469228055,1.791759469228055,3,0,2,2,1
24,2,3.5,52,5,2,5,21,3,1,1,3,1.6094379124341003,1.6094379124341003,1,1,1,3,1
24,2,3.5,52,5,3,9,20,4,2,1,2,2.1972245773362196,2.1972245773362196,3,0,2,2,1
24,2,3.5,52,5,4,12,19,5,2,1,4,2.4849066497880004,2.4849066497880004,5,0,2,4,1
24,3,3.5,303,7,0,148,9,15,1,1,15,4.997212273764115,4.997212273764115,15,0,1,15,1
24,3,3.5,303,7,1,42,17,7,3,1,4,3.7376696182833684,3.7376696182833684,7,0,3,4,1
24,3,3.5,303,7,2,18,18,6,2,1,5,2.8903717578961645,2.890371757896165,6,0,2,5,1
24,3,3.5,303,7,3,8,21,3,3,1,1,2.0794415416798357,2.0794415416798357,3,1,3,1,3
24,3,3.5,303,7,4,50,16,8,2,1,7,3.912023005428146,3.912023005428146,8,0,2,7,1
24,3,3.5,303,7,5,2,23,1,1,1,1,0.6931471805599453,0.6931471805599453,1,1,1,1,1
24,3,3.5,303,7,6,35,12,12,1,1,12,3.5553480614894135,3.5553480614894135,12,0,1,12,1
24,4,3.5,240,6,0,85,8,16,1,1,16,4.442651256490317,4.442651256490317,16,0,1,16,1
24,4,3.5,240,6,1,18,18,6,2,1,4,2.8903717578961645,2.8903717578961645,6,0,2,4,1
24,4,3.5,240,6,2,5,21,3,1,1,3,1.6094379124341003,1.6094379124341003,1,1,1,3,1
24,4,3.5,240,6,3,120,6,18,1,1,18,4.787491742782046,4.787491742782046,18,0,1,18,1
24,4,3.5,240,6,4,4,22,2,2,1,1,1.3862943611198906,1.3862943611198906,2,1,2,1,2
24,4,3.5,240,6,5,8,20,4,2,0,3,2.0794415416798357,2.3025850929940455,3,0,1,4,1
24,5,3.5,65,7,0,20,19,5,3,1,3,2.995732273553991,2.995732273553991,5,0,3,3,1
24,5,3.5,65,7,1,24,19,5,4,1,2,3.1780538303479458,3.1780538303479458,5,0,4,2,1
24,5,3.5,65,7,3,8,21,3,3,1,1,2.0794415416798357,2.0794415416798357,3,1,3,1,3
24,5,3.5,65,7,4,4,22,2,2,1,1,1.3862943611198906,1.3862943611198906,2,1,2,1,2
24,5,3.5,65,7,5,2,23,1,1,1,1,0.6931471805599453,0.6931471805599453,1,1,1,1,1
24,5,3.5,65,7,6,6,21,3,2,1,2,1.791759469228055,1.791759469228055,3,0,2,2,1
24,6,3.5,281,8,0,4,22,2,2,1,1,1.3862943611198906,1.3862943611198906,2,1,2,1,2
24,6,3.5,281,8,1,4,21,3,1,1,3,1.3862943611198906,1.3862943611198906,1,1,1,3,1
24,6,3.5,281,8,2,6,21,3,2,1,2,1.791759469228055,1.791759469228055,3,0,2,2,1
24,6,3.5,281,8,3,162,9,15,2,1,14,5.087596335232384,5.0875963352323845,15,0,2,14,1
24,6,3.5,281,8,4,4,22,2,2,1,1,1.3862943611198906,1.3862943611198906,2,1,2,1,2
24,6,3.5,281,8,5,85,11,13,2,0,12,4.442651256490317,4.499809670330265,13,0,1,13,1
24,6,3.5,281,8,6,10,20,4,2,1,3,2.302585092994046,2.3025850929940455,4,0,2,3,1
24,6,3.5,281,8,7,6,21,3,2,1,2,1.791759469228055,1.791759469228055,2,1,2,2,2
24,7,3.5,1195,6,0,16,20,4,4,1,1,2.772588722239781,2.772588722239781,4,1,4,1,4
24,7,3.5,1195,6,1,1122,2,22,5,0,18,7.022868086082641,8.265650165580329,22,0,1,22,1
24,7,3.5,1195,6,2,18,19,5,3,1,2,2.8903717578961645,2.8903717578961645,5,0,3,2,1
24,7,3.5,1195,6,3,24,18,6,3,0,4,3.1780538303479458,3.332204510175204,6,0,2,5,1
24,7,3.5,1195,6,4,10,20,4,2,1,3,2.302585092994046,2.3025850929940455,4,0,2,3,1
24,7,3.5,1195,6,5,5,21,3,1,1,3,1.6094379124341003,1.6094379124341003,1,1,1,3,1
24,8,3.5,28,4,0,4,21,3,1,1,3,1.3862943611198906,1.3862943611198906,1,1,1,3,1
24,8,3.5,28,4,1,10,20,4,2,1,3,2.302585092994046,2.3025850929940455,4,0,2,3,1
24,8,3.5,28,4,2,10,19,5,2,1,4,2.302585092994046,2.3025850929940455,5,0,2,4,1
24,8,3.5,28,4,3,4,22,2,2,1,1,1.3862943611198906,1.3862943611198906,2,1,2,1,2
24,9,3.5,74,6,0,4,21,3,1,1,3,1.3862943611198906,1.3862943611198906,1,1,1,3,1
24,9,3.5,74,6,1,4,22,2,2,1,1,1.3862943611198906,1.3862943611198906,2,1,2,1,2
24,9,3.5,74,6,2,26,15,9,1,1,9,3.258096538021482,3.258096538021482,9,0,1,9,1
24,9,3.5,74,6,3,4,22,2,2,1,1,1.3862943611198906,1.3862943611198906,2,1,2,1,2
24,9,3.5,74,6,4,4,22,2,2,1,1,1.3862943611198906,1.3862943611198906,2,1,2,1,2
24,9,3.5,74,6,5,32,18,6,4,1,3,3.4657359027997265,3.4657359027997265,6,0,4,3,1
24,10,3.5,842,4,0,4,22,2,2,1,1,1.3862943611198906,1.3862943611198906,2,1,2,1,2
24,10,3.5,842,4,1,6,21,3,2,1,2,1.791759469228055,1.791759469228055,2,1,2,2,2
24,10,3.5,842,4,2,796,3,21,2,0,20,6.679599185844383,7.086737934510577,21,0,1,21,1
24,10,3.5,842,4,3,36,17,7,3,0,4,3.58351893845611,3.737669618283368,7,0,2,5,1
24,11,3.5,38,5,0,8,21,3,3,1,1,2.0794415416798357,2.0794415416798357,3,1,3,1,3
24,11,3.5,38,5,1,8,20,4,2,1,3,2.0794415416798357,2.0794415416798357,3,0,2,3,1
24,11,3.5,38,5,2,8,20,4,2,1,3,2.0794415416798357,2.0794415416798357,4,0,2,3,1
24,11,3.5,38,5,3,12,20,4,3,1,2,2.4849066497880004,2.4849066497880004,4,0,3,2,1
24,11,3.5,38,5,4,2,23,1,1,1,1,0.6931471805599453,0.6931471805599453,1,1,1,1,1
24,12,3.5,1395,2,0,1381,2,22,9,0,13,7.2305631534092925,10.5950334517291,22,0,1,22,1
24,12,3.5,1395,2,1,14,16,8,1,1,8,2.6390573296152584,2.6390573296152584,8,0,1,8,1
24,13,3.5,109,6,0,3,22,2,1,1,2,1.0986122886681098,1.0986122886681098,1,1,1,2,1
24,13,3.5,109,6,1,95,14,10,2,0,8,4.553876891600541,4.653960350157523,10,0,1,10,1
24,13,3.5,109,6,2,4,22,2,2,1,1,1.3862943611198906,1.3862943611198906,2,1,2,1,2
24,13,3.5,109,6,3,3,22,2,1,1,2,1.0986122886681098,1.0986122886681098,1,1,1,2,1
24,13,3.5,109,6,4,3,22,2,1,1,2,1.0986122886681098,1.0986122886681098,1,1,1,2,1
24,14,3.5,80,8,0,38,11,13,1,1,13,3.6375861597263857,3.6375861597263857,13,0,1,13,1
24,14,3.5,80,8,1,2,23,1,1,1,1,0.6931471805599453,0.6931471805599453,1,1,1,1,1
24,14,3.5,80,8,3,2,23,1,1,1,1,0.6931471805599453,0.6931471805599453,1,1,1,1,1
24,14,3.5,80,8,4,3,22,2,1,1,2,1.0986122886681098,1.0986122886681098,1,1,1,2,1
24,14,3.5,80,8,5,19,17,7,2,0,5,2.9444389791664403,3.295836866004329,7,0,1,7,1
24,14,3.5,80,8,6,3,22,2,1,1,2,1.0986122886681098,1.0986122886681098,1,1,1,2,1
24,14,3.5,80,8,7,12,19,5,2,1,4,2.4849066497880004,2.4849066497880004,5,0,2,4,1
24,15,3.5,247,12,1,28,17,7,2,1,6,3.332204510175204,3.332204510175204,7,0,2,6,1
24,15,3.5,247,12,2,16,18,6,2,1,5,2.772588722239781,2.772588722239781,6,0,2,5,1
24,15,3.5,247,12,3,3,22,2,1,1,2,1.0986122886681098,1.0986122886681098,1,1,1,2,1
24,15,3.5,247,12,4,13,14,10,1,1,10,2.5649493574615367,2.5649493574615367,10,0,1,10,1
24,15,3.5,247,12,5,5,20,4,1,1,4,1.6094379124341003,1.6094379124341003,1,1,1,4,1
24,15,3.5,247,12,6,36,15,9,2,1,8,3.58351893845611,3.58351893845611,9,0,2,8,1
24,15,3.5,247,12,7,82,9,15,1,1,15,4.406719247264253,4.406719247264253,15,0,1,15,1
24,15,3.5,247,12,8,28,15,9,1,1,9,3.332204510175204,3.332204510175204,9,0,1,9,1
24,15,3.5,247,12,9,15,17,7,1,1,7,2.70805020110221,2.70805020110221,7,0,1,7,1
24,15,3.5,247,12,10,18,14,10,1,1,10,2.8903717578961645,2.8903717578961645,8,0,1,10,1
24,15,3.5,247,12,11,2,23,1,1,1,1,0.6931471805599453,0.6931471805599453,1,1,1,1,1
24,16,3.5,5,2,1,4,22,2,2,1,1,1.3862943611198906,1.3862943611198906,2,1,2,1,2
24,17,3.5,30,2,0,18,15,9,1,1,9,2.8903717578961645,2.8903717578961645,6,0,1,9,1
24,17,3.5,30,2,1,12,16,8,1,1,8,2.4849066497880004,2.4849066497880004,4,0,1,8,1
24,18,3.5,72,6,0,6,21,3,2,1,2,1.791759469228055,1.791759469228055,3,0,2,2,1
24,18,3.5,72,6,1,15,19,5,2,1,3,2.70805020110221,2.70805020110221,4,0,2,3,1
24,18,3.5,72,6,2,7,20,4,1,1,4,1.9459101490553132,1.9459101490553132,2,0,1,4,1
24,18,3.5,72,6,3,6,21,3,2,1,2,1.791759469228055,1.791759469228055,2,1,2,2,2
24,18,3.5,72,6,4,6,21,3,2,1,2,1.791759469228055,1.791759469228055,3,0,2,2,1
24,18,3.5,72,6,5,32,14,10,1,1,10,3.4657359027997265,3.4657359027997265,10,0,1,10,1
24,19,3.5,444,6,0,394,3,21,1,1,21,5.976350909297934,5.976350909297934,21,0,1,21,1
24,19,3.5,444,6,1,6,21,3,2,1,2,1.791759469228055,1.791759469228055,3,0,2,2,1
24,19,3.5,444,6,2,4,21,3,1,1,3,1.3862943611198906,1.3862943611198906,1,1,1,3,1
24,19,3.5,444,6,3,18,19,5,3,1,2,2.8903717578961645,2.890371757896165,5,0,3,2,1
24,19,3.5,444,6,4,18,17,7,1,1,7,2.8903717578961645,2.8903717578961645,7,0,1,7,1
24,19,3.5,444,6,5,4,22,2,2,1,1,1.3862943611198906,1.3862943611198906,2,1,2,1,2
24,20,3.5,403,4,0,365,5,19,2,0,18,5.8998973535824915,6.349138991379798,19,0,1,19,1
24,20,3.5,403,4,1,30,16,8,2,0,7,3.4011973816621555,3.6888794541139363,8,0,1,8,1
24,20,3.5,403,4,2,6,21,3,2,1,2,1.791759469228055,1.791759469228055,3,0,2,2,1
24,20,3.5,403,4,3,2,23,1,1,1,1,0.6931471805599453,0.6931471805599453,1,1,1,1,1
24,21,3.5,72,4,0,56,12,12,1,1,12,4.02535169073515,4.02535169073515,12,0,1,12,1
24,21,3.5,72,4,1,7,20,4,1,1,4,1.9459101490553132,1.9459101490553132,2,0,1,4,1
24,21,3.5,72,4,2,5,21,3,1,1,3,1.6094379124341003,1.6094379124341003,3,0,1,3,1
24,21,3.5,72,4,3,4,21,3,1,1,3,1.3862943611198906,1.3862943611198906,1,1,1,3,1
24,22,3.5,557,4,0,255,10,14,2,0,13,5.541263545158426,5.605802066295998,14,0,1,14,1
24,22,3.5,557,4,1,207,9,15,2,0,14,5.332718793265369,5.356586274672012,15,0,1,15,1
24,22,3.5,557,4,2,93,13,11,1,1,11,4.532599493153256,4.532599493153256,11,0,1,11,1
24,22,3.5,557,4,3,2,23,1,1,1,1,0.6931471805599453,0.6931471805599453,1,1,1,1,1
24,23,3.5,354,5,0,60,7,17,1,1,17,4.0943445622221,4.0943445622221,17,0,1,17,1
24,23,3.5,354,5,1,210,14,10,4,0,7,5.3471075307174685,5.5134287461649825,10,0,2,9,1
24,23,3.5,354,5,2,2,23,1,1,1,1,0.6931471805599453,0.6931471805599453,1,1,1,1,1
24,23,3.5,354,5,3,72,17,7,5,1,2,4.276666119016055,4.276666119016055,7,0,5,2,1
24,23,3.5,354,5,4,10,18,6,1,1,6,2.302585092994046,2.302585092994046,1,1,1,6,1
24,24,3.5,150,5,0,46,15,9,1,1,9,3.828641396489095,3.828641396489095,9,0,1,9,1
24,24,3.5,150,5,1,76,10,14,1,1,14,4.330733340286331,4.330733340286331,14,0,1,14,1
24,24,3.5,150,5,2,11,20,4,3,0,2,2.3978952727983707,2.4849066497880004,4,0,1,4,1
24,24,3.5,150,5,3,11,20,4,3,0,2,2.3978952727983707,2.4849066497880004,4,0,1,4,1
24,24,3.5,150,5,4,6,21,3,2,1,2,1.791759469228055,1.791759469228055,3,0,2,2,1
24,25,3.5,317,2,0,306,3,21,1,1,21,5.723585101952381,5.723585101952381,21,0,1,21,1
24,25,3.5,317,2,1,11,19,5,1,1,5,2.3978952727983707,2.3978952727983707,5,0,1,5,1
24,26,3.5,123,10,0,80,12,12,1,1,12,4.382026634673881,4.382026634673881,12,0,1,12,1
24,26,3.5,123,10,1,12,18,6,1,1,6,2.4849066497880004,2.4849066497880004,5,0,1,6,1
24,26,3.5,123,10,2,3,22,2,1,1,2,1.0986122886681098,1.0986122886681098,1,1,1,2,1
24,26,3.5,123,10,3,4,22,2,2,1,1,1.3862943611198906,1.3862943611198906,2,1,2,1,2
24,26,3.5,123,10,4,6,21,3,2,1,2,1.791759469228055,1.791759469228055,3,0,2,2,1
24,26,3.5,123,10,5,4,22,2,2,1,1,1.3862943611198906,1.3862943611198906,2,1,2,1,2
24,26,3.5,123,10,6,8,21,3,3,1,1,2.0794415416798357,2.0794415416798357,3,1,3,1,3
24,26,3.5,123,10,7,2,23,1,1,1,1,0.6931471805599453,0.6931471805599453,1,1,1,1,1
24,26,3.5,123,10,8,2,23,1,1,1,1,0.6931471805599453,0.6931471805599453,1,1,1,1,1
24,26,3.5,123,10,9,2,23,1,1,1,1,0.6931471805599453,0.6931471805599453,1,1,1,1,1
24,27,3.5,71,9,1,8,20,4,2,1,3,2.0794415416798357,2.0794415416798357,3,0,2,3,1
24,27,3.5,71,9,2,25,16,8,1,1,8,3.2188758248682006,3.2188758248682006,8,0,1,8,1
24,27,3.5,71,9,3,3,22,2,1,1,2,1.0986122886681098,1.0986122886681098,1,1,1,2,1
24,27,3.5,71,9,4,16,17,7,2,1,6,2.772588722239781,2.772588722239781,7,0,2,6,1
24,27,3.5,71,9,5,9,20,4,2,1,2,2.1972245773362196,2.1972245773362196,4,0,2,2,1
24,27,3.5,71,9,6,3,22,2,1,1,2,1.0986122886681098,1.0986122886681098,1,1,1,2,1
24,27,3.5,71,9,7,2,23,1,1,1,1,0.6931471805599453,0.6931471805599453,1,1,1,1,1
24,27,3.5,71,9,8,4,22,2,2,1,1,1.3862943611198906,1.3862943611198906,2,1,2,1,2
24,28,3.5,85,4,0,32,13,11,1,1,11,3.4657359027997265,3.4657359027997265,11,0,1,11,1
24,28,3.5,85,4,1,4,22,2,2,1,1,1.3862943611198906,1.3862943611198906,2,1,2,1,2
24,28,3.5,85,4,2,6,21,3,2,1,2,1.791759469228055,1.791759469228055,2,1,2,2,2
24,28,3.5,85,4,3,43,10,14,1,1,14,3.7612001156935624,3.7612001156935624,14,0,1,14,1
24,29,3.5,176,4,0,4,22,2,2,1,1,1.3862943611198906,1.3862943611198906,2,1,2,1,2
24,29,3.5,176,4,1,164,11,13,2,1,12,5.099866427824199,5.099866427824199,13,0,2,12,1
24,29,3.5,176,4,2,2,23,1,1,1,1,0.6931471805599453,0.6931471805599453,1,1,1,1,1
24,29,3.5,176,4,3,6,20,4,1,1,4,1.791759469228055,1.791759469228055,2,1,1,4,2
24,0,3.8,46,3,0,43,14,10,1,1,10,3.7612001156935624,3.7612001156935624,10,0,1,10,1
24,0,3.8,46,3,2,2,23,1,1,1,1,0.6931471805599453,0.6931471805599453,1,1,1,1,1
24,1,3.8,6,1,0,6,21,3,2,1,2,1.791759469228055,1.791759469228055,3,0,2,2,1
24,2,3.8,8,4,0,3,22,2,1,1,2,1.0986122886681098,1.0986122886681098,1,1,1,2,1
24,2,3.8,8,4,1,2,23,1,1,1,1,0.6931471805599453,0.6931471805599453,1,1,1,1,1
24,2,3.8,8,4,3,2,23,1,1,1,1,0.6931471805599453,0.6931471805599453,1,1,1,1,1
24,3,3.8,356,2,0,4,22,2,2,1,1,1.3862943611198906,1.3862943611198906,2,1,2,1,2
24,3,3.8,356,2,1,352,5,19,2,0,18,5.863631175598097,6.249975242259483,19,0,1,19,1
24,4,3.8,4,2,1,3,22,2,1,1,2,1.0986122886681098,1.0986122886681098,1,1,1,2,1
24,6,3.8,27,2,0,4,22,2,2,1,1,1.3862943611198906,1.3862943611198906,2,1,2,1,2
24,6,3.8,27,2,1,23,18,6,1,1,6,3.1354942159291497,3.1354942159291497,6,0,1,6,1
24,7,3.8,17,1,0,17,17,7,1,1,7,2.833213344056216,2.833213344056216,4,0,1,7,1
24,10,3.8,77,9,0,9,18,6,1,1,6,2.1972245773362196,2.1972245773362196,2,0,1,6,1
24,10,3.8,77,9,1,4,22,2,2,1,1,1.3862943611198906,1.3862943611198906,2,1,2,1,2
24,10,3.8,77,9,2,34,17,7,3,0,5,3.5263605246161616,3.6888794541139367,7,0,2,6,1
24,10,3.8,77,9,3,4,22,2,2,1,1,1.3862943611198906,1.3862943611198906,2,1,2,1,2
24,10,3.8,77,9,4,10,19,5,2,1,4,2.302585092994046,2.3025850929940455,3,0,2,4,1
24,10,3.8,77,9,5,8,20,4,2,1,3,2.0794415416798357,2.0794415416798357,4,0,2,3,1
24,10,3.8,77,9,6,3,22,2,1,1,2,1.0986122886681098,1.0986122886681098,1,1,1,2,1
24,10,3.8,77,9,7,2,23,1,1,1,1,0.6931471805599453,0.6931471805599453,1,1,1,1,1
24,10,3.8,77,9,8,3,22,2,1,1,2,1.0986122886681098,1.0986122886681098,1,1,1,2,1
24,11,3.8,123,2,0,121,5,19,1,1,19,4.795790545596741,4.795790545596741,19,0,1,19,1
24,11,3.8,123,2,1,2,23,1,1,1,1,0.6931471805599453,0.6931471805599453,1,1,1,1,1
24,12,3.8,3,2,1,2,23,1,1,1,1,0.6931471805599453,0.6931471805599453,1,1,1,1,1
24,13,3.8,45,4,0,17,13,11,1,1,11,2.833213344056216,2.833213344056216,10,0,1,11,1
24,13,3.8,45,4,1,3,22,2,1,1,2,1.0986122886681098,1.0986122886681098,1,1,1,2,1
24,13,3.8,45,4,2,6,21,3,2,1,2,1.791759469228055,1.791759469228055,2,1,2,2,2
24,13,3.8,45,4,3,19,18,6,1,1,6,2.9444389791664403,2.9444389791664403,6,0,1,6,1
24,14,3.8,105,9,0,17,18,6,2,0,5,2.833213344056216,2.9957322735539913,6,0,1,6,1
24,14,3.8,105,9,1,4,22,2,2,1,1,1.3862943611198906,1.3862943611198906,2,1,2,1,2
24,14,3.8,105,9,2,12,20,4,3,1,2,2.4849066497880004,2.4849066497880004,4,0,3,2,1
24,14,3.8,105,9,3,46,14,10,1,1,10,3.828641396489095,3.828641396489095,10,0,1,10,1
24,14,3.8,105,9,4,3,22,2,1,1,2,1.0986122886681098,1.0986122886681098,1,1,1,2,1
24,14,3.8,105,9,5,4,22,2,2,1,1,1.3862943611198906,1.3862943611198906,2,1,2,1,2
24,14,3.8,105,9,6,8,21,3,3,1,1,2.0794415416798357,2.0794415416798357,3,1,3,1,3
24,14,3.8,105,9,7,3,22,2,1,1,2,1.0986122886681098,1.0986122886681098,1,1,1,2,1
24,14,3.8,105,9,8,8,21,3,3,1,1,2.0794415416798357,2.0794415416798357,3,1,3,1,3
24,15,3.8,4,1,0,4,22,2,2,1,1,1.3862943611198906,1.3862943611198906,2,1,2,1,2
24,16,3.8,18,5,0,3,22,2,1,1,2,1.0986122886681098,1.0986122886681098,1,1,1,2,1
24,16,3.8,18,5,1,4,22,2,2,1,1,1.3862943611198906,1.3862943611198906,2,1,2,1,2
24,16,3.8,18,5,2,4,21,3,1,1,3,1.3862943611198906,1.3862943611198906,1,1,1,3,1
24,16,3.8,18,5,3,6,21,3,2,1,2,1.791759469228055,1.791759469228055,3,0,2,2,1
24,17,3.8,34,4,0,26,16,8,1,1,8,3.258096538021482,3.258096538021482,8,0,1,8,1
24,17,3.8,34,4,1,4,22,2,2,1,1,1.3862943611198906,1.3862943611198906,2,1,2,1,2
24,17,3.8,34,4,2,2,23,1,1,1,1,0.6931471805599453,0.6931471805599453,1,1,1,1,1
24,17,3.8,34,4,3,2,23,1,1,1,1,0.6931471805599453,0.6931471805599453,1,1,1,1,1
24,18,3.8,280,6,0,46,8,16,1,1,16,3.828641396489095,3.828641396489095,16,0,1,16,1
24,18,3.8,280,6,1,22,17,7,1,1,7,3.091042453358316,3.091042453358316,6,0,1,7,1
24,18,3.8,280,6,2,191,5,19,1,1,19,5.25227342804663,5.25227342804663,19,0,1,19,1
24,18,3.8,280,6,3,2,23,1,1,1,1,0.6931471805599453,0.6931471805599453,1,1,1,1,1
24,18,3.8,280,6,4,13,19,5,1,1,5,2.5649493574615367,2.5649493574615367,5,0,1,5,1
24,18,3.8,280,6,5,6,21,3,2,1,2,1.791759469228055,1.791759469228055,3,0,2,2,1
24,19,3.8,27,5,0,12,17,7,1,1,7,2.4849066497880004,2.4849066497880004,7,0,1,7,1
24,19,3.8,27,5,1,2,23,1,1,1,1,0.6931471805599453,0.6931471805599453,1,1,1,1,1
24,19,3.8,27,5,2,2,23,1,1,1,1,0.6931471805599453,0.6931471805599453,1,1,1,1,1
24,19,3.8,27,5,3,5,21,3,1,1,3,1.6094379124341003,1.6094379124341003,1,1,1,3,1
24,19,3.8,27,5,4,6,20,4,1,1,4,1.791759469228055,1.791759469228055,1,1,1,4,1
24,20,3.8,13,4,1,8,21,3,3,1,1,2.0794415416798357,2.0794415416798357,3,1,3,1,3
24,20,3.8,13,4,2,2,23,1,1,1,1,0.6931471805599453,0.6931471805599453,1,1,1,1,1
24,20,3.8,13,4,3,2,23,1,1,1,1,0.6931471805599453,0.6931471805599453,1,1,1,1,1
24,21,3.8,10,1,0,10,20,4,3,0,2,2.302585092994046,2.4849066497880004,3,0,1,4,1
24,22,3.8,133,4,0,24,15,9,1,1,9,3.1780538303479458,3.1780538303479458,9,0,1,9,1
24,22,3.8,133,4,1,11,18,6,1,1,6,2.3978952727983707,2.3978952727983707,3,0,1,6,1
24,22,3.8,133,4,2,12,19,5,2,1,4,2.4849066497880004,2.4849066497880004,4,0,2,4,1
24,22,3.8,133,4,3,86,9,15,1,1,15,4.454347296253507,4.454347296253507,15,0,1,15,1
24,23,3.8,42,2,0,40,17,7,4,0,3,3.6888794541139363,3.871201010907891,7,0,2,4,1
24,23,3.8,42,2,1,2,23,1,1,1,1,0.6931471805599453,0.6931471805599453,1,1,1,1,1
24,24,3.8,56,1,0,56,12,12,1,1,12,4.02535169073515,4.02535169073515,12,0,1,12,1
24,25,3.8,2,1,0,2,23,1,1,1,1,0.6931471805599453,0.6931471805599453,1,1,1,1,1
24,27,3.8,14,3,0,4,21,3,1,1,3,1.3862943611198906,1.3862943611198906,2,1,1,3,2
24,27,3.8,14,3,1,6,20,4,1,1,4,1.791759469228055,1.791759469228055,3,0,1,4,1
24,27,3.8,14,3,2,4,21,3,1,1,3,1.3862943611198906,1.3862943611198906,1,1,1,3,1
24,28,3.8,114,3,0,4,22,2,2,1,1,1.3862943611198906,1.3862943611198906,2,1,2,1,2
24,28,3.8,114,3,1,88,14,10,2,1,9,4.477336814478207,4.477336814478206,10,0,2,9,1
24,28,3.8,114,3,2,22,18,6,3,0,4,3.091042453358316,3.332204510175204,6,0,1,6,1
24,29,3.8,128,9,0,12,20,4,3,1,2,2.4849066497880004,2.4849066497880004,4,0,3,2,2
24,29,3.8,128,9,1,35,11,13,1,1,13,3.5553480614894135,3.5553480614894135,13,0,1,13,1
24,29,3.8,128,9,2,2,23,1,1,1,1,0.6931471805599453,0.6931471805599453,1,1,1,1,1
24,29,3.8,128,9,3,4,22,2,2,1,1,1.3862943611198906,1.3862943611198906,2,1,2,1,2
24,29,3.8,128,9,4,39,12,12,1,1,12,3.6635616461296463,3.6635616461296463,12,0,1,12,1
24,29,3.8,128,9,5,4,22,2,2,1,1,1.3862943611198906,1.3862943611198906,2,1,2,1,2
24,29,3.8,128,9,6,12,20,4,3,1,2,2.4849066497880004,2.4849066497880004,4,0,3,2,1
24,29,3.8,128,9,7,4,22,2,2,1,1,1.3862943611198906,1.3862943611198906,2,1,2,1,2
24,29,3.8,128,9,8,16,19,5,3,1,3,2.772588722239781,2.772588722239781,5,0,3,3,1
24,0,4.0,23,2,0,21,18,6,2,1,4,3.044522437723423,3.044522437723423,6,0,2,4,1
24,0,4.0,23,2,1,2,23,1,1,1,1,0.6931471805599453,0.6931471805599453,1,1,1,1,1
24,1,4.0,29,3,0,5,20,4,1,1,4,1.6094379124341003,1.6094379124341003,1,1,1,4,1
24,1,4.0,29,3,1,22,18,6,2,1,5,3.091042453358316,3.091042453358316,6,0,2,5,1
24,1,4.0,29,3,2,2,23,1,1,1,1,0.6931471805599453,0.6931471805599453,1,1,1,1,1
24,2,4.0,40,3,0,3,22,2,1,1,2,1.0986122886681098,1.0986122886681098,1,1,1,2,1
24,2,4.0,40,3,1,4,22,2,2,1,1,1.3862943611198906,1.3862943611198906,2,1,2,1,2
24,2,4.0,40,3,2,33,14,10,2,0,9,3.4965075614664802,3.6375861597263857,10,0,1,10,1
24,3,4.0,23,3,0,4,22,2,2,1,1,1.3862943611198906,1.3862943611198906,2,1,2,1,2
24,3,4.0,23,3,1,2,23,1,1,1,1,0.6931471805599453,0.6931471805599453,1,1,1,1,1
24,3,4.0,23,3,2,17,16,8,1,1,8,2.833213344056216,2.833213344056216,8,0,1,8,1
24,4,4.0,67,3,0,51,13,11,1,1,11,3.9318256327243257,3.9318256327243257,11,0,1,11,1
24,4,4.0,67,3,1,4,22,2,2,1,1,1.3862943611198906,1.3862943611198906,2,1,2,1,2
24,4,4.0,67,3,2,12,20,4,3,1,2,2.4849066497880004,2.4849066497880004,4,0,3,2,1
24,5,4.0,3,1,0,3,22,2,1,1,2,1.0986122886681098,1.0986122886681098,1,1,1,2,1
24,6,4.0,46,1,0,46,15,9,3,0,7,3.828641396489095,4.025351690735149,9,0,1,9,1
24,7,4.0,6,1,0,6,21,3,2,1,2,1.791759469228055,1.791759469228055,3,0,2,2,1
24,8,4.0,16,2,0,13,19,5,1,1,5,2.5649493574615367,2.5649493574615367,5,0,1,5,1
24,8,4.0,16,2,1,3,22,2,1,1,2,1.0986122886681098,1.0986122886681098,1,1,1,2,1
24,9,4.0,5,2,0,3,22,2,1,1,2,1.0986122886681098,1.0986122886681098,1,1,1,2,1
24,9,4.0,5,2,1,2,23,1,1,1,1,0.6931471805599453,0.6931471805599453,1,1,1,1,1
24,11,4.0,15,2,0,11,19,5,1,1,5,2.3978952727983707,2.3978952727983707,5,0,1,5,1
24,11,4.0,15,2,1,4,22,2,2,1,1,1.3862943611198906,1.3862943611198906,2,1,2,1,2
24,12,4.0,14,3,0,4,21,3,1,1,3,1.3862943611198906,1.3862943611198906,2,1,1,3,2
24,12,4.0,14,3,1,2,23,1,1,1,1,0.6931471805599453,0.6931471805599453,1,1,1,1,1
24,12,4.0,14,3,2,8,20,4,2,1,3,2.0794415416798357,2.0794415416798357,4,0,2,3,1
24,13,4.0,43,2,0,31,13,11,1,1,11,3.4339872044851463,3.4339872044851463,11,0,1,11,1
24,13,4.0,43,2,1,12,18,6,1,1,6,2.4849066497880004,2.4849066497880004,4,0,1,6,1
24,14,4.0,134,6,0,112,8,16,1,1,16,4.718498871295094,4.718498871295094,16,0,1,16,1
24,14,4.0,134,6,1,2,23,1,1,1,1,0.6931471805599453,0.6931471805599453,1,1,1,1,1
24,14,4.0,134,6,2,4,22,2,2,1,1,1.3862943611198906,1.3862943611198906,2,1,2,1,2
24,14,4.0,134,6,3,2,23,1,1,1,1,0.6931471805599453,0.6931471805599453,1,1,1,1,1
24,14,4.0,134,6,4,6,21,3,2,1,2,1.791759469228055,1.791759469228055,3,0,2,2,1
24,14,4.0,134,6,5,8,19,5,1,1,5,2.0794415416798357,2.0794415416798357,1,1,1,5,1
24,15,4.0,63,4,0,9,19,5,1,1,5,2.1972245773362196,2.1972245773362196,3,0,1,5,1
24,15,4.0,63,4,1,3,22,2,1,1,2,1.0986122886681098,1.0986122886681098,1,1,1,2,1
24,15,4.0,63,4,2,28,18,6,2,1,5,3.332204510175204,3.332204510175204,6,0,2,5,1
24,15,4.0,63,4,3,23,17,7,1,1,7,3.1354942159291497,3.1354942159291497,6,0,1,7,1
24,16,4.0,8,2,0,6,21,3,2,1,2,1.791759469228055,1.791759469228055,2,1,2,2,2
24,16,4.0,8,2,1,2,23,1,1,1,1,0.6931471805599453,0.6931471805599453,1,1,1,1,1
24,20,4.0,4,1,0,4,22,2,2,1,1,1.3862943611198906,1.3862943611198906,2,1,2,1,2
24,21,4.0,23,4,0,2,23,1,1,1,1,0.6931471805599453,0.6931471805599453,1,1,1,1,1
24,21,4.0,23,4,1,2,23,1,1,1,1,0.6931471805599453,0.6931471805599453,1,1,1,1,1
24,21,4.0,23,4,2,14,18,6,1,1,6,2.6390573296152584,2.6390573296152584,6,0,1,6,1
24,21,4.0,23,4,3,5,21,3,1,1,3,1.6094379124341003,1.6094379124341003,3,0,1,3,1
24,22,4.0,128,7,0,5,21,3,1,1,3,1.6094379124341003,1.6094379124341003,2,0,1,3,1
24,22,4.0,128,7,1,91,11,13,1,1,13,4.51085950651685,4.51085950651685,13,0,1,13,1
24,22,4.0,128,7,2,23,18,6,2,0,4,3.1354942159291497,3.1780538303479453,6,0,1,6,1
24,22,4.0,128,7,3,2,23,1,1,1,1,0.6931471805599453,0.6931471805599453,1,1,1,1,1
24,22,4.0,128,7,4,2,23,1,1,1,1,0.6931471805599453,0.6931471805599453,1,1,1,1,1
24,22,4.0,128,7,6,4,21,3,1,1,3,1.3862943611198906,1.3862943611198906,2,1,1,3,2
24,23,4.0,2,1,0,2,23,1,1,1,1,0.6931471805599453,0.6931471805599453,1,1,1,1,1
24,24,4.0,2,1,0,2,23,1,1,1,1,0.6931471805599453,0.6931471805599453,1,1,1,1,1
24,25,4.0,19,3,0,3,22,2,1,1,2,1.0986122886681098,1.0986122886681098,1,1,1,2,1
24,25,4.0,19,3,1,4,22,2,2,1,1,1.3862943611198906,1.3862943611198906,2,1,2,1,2
24,25,4.0,19,3,2,12,20,4,3,1,2,2.4849066497880004,2.4849066497880004,4,0,3,2,1
24,27,4.0,64,5,0,30,13,11,1,1,11,3.4011973816621555,3.4011973816621555,11,0,1,11,1
24,27,4.0,64,5,1,18,18,6,2,1,5,2.8903717578961645,2.890371757896165,6,0,2,5,1
24,27,4.0,64,5,2,6,21,3,2,1,2,1.791759469228055,1.791759469228055,3,0,2,2,1
24,27,4.0,64,5,3,8,19,5,1,1,5,2.0794415416798357,2.0794415416798357,2,0,1,5,1
24,27,4.0,64,5,4,2,23,1,1,1,1,0.6931471805599453,0.6931471805599453,1,1,1,1,1
24,28,4.0,287,4,0,266,8,16,1,1,16,5.583496308781699,5.583496308781699,16,0,1,16,1
24,28,4.0,287,4,2,16,15,9,1,1,9,2.772588722239781,2.772588722239781,8,0,1,9,1
24,28,4.0,287,4,3,4,22,2,2,1,1,1.3862943611198906,1.3862943611198906,2,1,2,1,2
24,29,4.0,4,1,0,4,22,2,2,1,1,1.3862943611198906,1.3862943611198906,2,1,2,1,2
