F,s,Sigma,spread,alpha,m,seed,sec
0.017536114759741817,0.1753611475974246,-6.453171330633722e-16,1.1846691623101337e-07,3.7,0.1,0,436.9
0.01722509925926996,0.17225099259270404,-4.440892098500626e-16,5.392870606257057e-07,3.7,0.1,1,482.4
0.035072228318644205,0.17536114159322214,-2.220446049250313e-16,1.737952107812001e-07,3.7,0.2,0,475.9
0.034450199556808725,0.17225099778405806,-2.886579864025407e-15,6.820254721747083e-07,3.7,0.2,1,446.6
0.05260834257537228,0.17536114191790286,1.4224732503009818e-15,2.052340741453362e-07,3.7,0.3,0,445.2
0.05167531250558266,0.1722510416852998,-7.278899705198683e-15,6.58680239518513e-07,3.7,0.3,1,485.4
0.07014446155137444,0.1753611538784412,-2.040034807748725e-15,1.541518738481122e-07,3.7,0.4,0,462.9
0.06890042033022947,0.172251050825599,-1.0130785099704553e-14,7.574018549394881e-07,3.7,0.4,1,490.2
0.08768056883933939,0.17536113767867967,-4.440892098500626e-16,1.369486807524804e-07,3.7,0.5,0,485.8
0.08612549141126369,0.1722509828225487,-1.0658141036401503e-14,6.542542977028128e-07,3.7,0.5,1,475.4
0.10521669066733885,0.1753611511122326,-7.077671781985373e-16,1.81221787875627e-07,3.7,0.6,0,474.2
0.1033505827346799,0.17225097122450972,-2.593758541280522e-14,8.81592784811236e-07,3.7,0.6,1,565.8
0.122752802891962,0.17536114698851168,3.83026943495679e-15,1.8225840668397882e-07,3.7,0.7,0,456.7
0.12057574812449534,0.17225106874934681,-4.7420400939302e-14,9.950028617249684e-07,3.7,0.7,1,488.1
0.14028892205456778,0.17536115256820484,3.913536161803677e-15,1.5250525947448307e-07,3.7,0.8,0,483.2
0.13780084648844682,0.17225105811072527,-1.3342105198432819e-13,1.4885530295524728e-06,3.7,0.8,1,469.6
0.15782502623505135,0.17536114026116323,4.440892098500626e-15,2.33833151980372e-07,3.7,0.9,0,470.3
0.15502583251094926,0.172250925012305,-1.2523315717771766e-13,1.2642923001861174e-06,3.7,0.9,1,565.4
0.17536112640116208,0.17536112640114432,1.7763568394002505e-14,2.9298691275586716e-07,3.7,1.0,0,466.5
0.1722510530197523,0.17225105301986154,-1.092459456231154e-13,1.0773304806224139e-06,3.7,1.0,1,489.8
0.015425156805439655,0.15425156747764834,5.767481978113942e-11,0.00019962200596291042,3.8,0.1,0,494.0
0.015551714220494173,0.15551714221748636,-1.254463546929152e-12,0.00014326381500978186,3.8,0.1,1,480.7
0.030847443809453257,0.15423721761464027,2.865252028694254e-10,0.00022690660343802803,3.8,0.2,0,479.5
0.03109956423182325,0.15549782108542143,1.4738963521887527e-11,0.000185124758173713,3.8,0.2,1,583.0
0.04627297966364763,0.15424326302555258,7.559818535063378e-10,0.000240000565705133,3.8,0.3,0,467.7
0.046651894123472815,0.1555063137639392,-5.708940264970153e-12,0.0001964680819913345,3.8,0.3,1,438.6
0.0616975124080823,0.15424377554238689,2.1911275432939803e-09,0.00031036994887483684,3.8,0.4,0,463.6
0.06220414382992123,0.15551035930011636,1.0987468573864234e-10,0.00026068380828194013,3.8,0.4,1,466.1
0.07713617649489946,0.15427234771849285,2.635653029159357e-09,0.0002604176756732459,3.8,0.5,0,455.5
0.0777650987891545,0.15553019733928863,1.195101795303799e-10,0.0002665995819786022,3.8,0.5,1,495.6
0.0925364950011005,0.15422748487399573,4.076703072342092e-09,0.00026502708304738026,3.8,0.6,0,465.7
0.09331656052145476,0.1555276006795161,1.1374511055262104e-10,0.00027259958197067325,3.8,0.6,1,494.2
0.10797267574666236,0.15424666525101483,1.0070951989016308e-08,0.00036936742312799575,3.8,0.7,0,488.9
0.10883875115765296,0.1554839293627861,6.037026989424987e-10,0.000320262700750356,3.8,0.7,1,480.5
0.12343761217553073,0.1542969964365719,1.5026273197937812e-08,0.00039479506438690643,3.8,0.8,0,476.4
0.12437931031868743,0.15547413673042332,9.343487650248505e-10,0.0003853355821654063,3.8,0.8,1,584.2
0.13884623349694536,0.15427355541390853,3.362442768661822e-08,0.0005341286294042664,3.8,0.9,0,443.1
0.13998721935463188,0.1555413495344391,4.773636680388549e-09,0.0007530806070936043,3.8,0.9,1,490.1
0.1542531444133619,0.1542531272211507,1.719221121021519e-08,0.0003414510228616194,3.8,1.0,0,482.9
0.15549449807151472,0.1554944967990073,1.2725074327590846e-09,0.000330220830411066,3.8,1.0,1,475.3
0.013932433645978404,0.1393243546116043,-1.8151820272566122e-09,0.0013649553541547786,3.86,0.1,0,481.8
0.014223339903336574,0.14223003388764788,3.365145717845741e-07,0.03957906524030163,3.86,0.1,1,596.2
0.027863883872693895,0.13931946351017643,-8.82934139342928e-09,0.001388361495673911,3.86,0.2,0,473.3
0.028398803563419506,0.14199677547048317,-5.515306771286532e-07,0.04812984428399542,3.86,0.2,1,499.9
0.041769364882522364,0.13923130555367003,-2.6783578639666406e-08,0.0016014043772940873,3.86,0.3,0,496.3
0.04271909567000032,0.14246136418346644,-1.9313585039613945e-05,0.04337309496610328,3.86,0.3,1,486.0
0.05569113015737637,0.1392279504858447,-5.0036961511679134e-08,0.001723101432728387,3.86,0.4,0,476.4
0.0570531354927315,0.14258039517948973,2.097742093560423e-05,0.05649725916027005,3.86,0.4,1,603.1
0.06965850263957574,0.13931735602822748,-1.753745380028704e-07,0.0024898879356653335,3.86,0.5,0,469.8
0.07063008039523044,0.14122925163500177,1.5454577729556718e-05,0.05470692685700604,3.86,0.5,1,502.8
0.08354004573549911,0.13923401910706268,-3.6572873848839116e-07,0.0029221992434040325,3.86,0.6,0,497.7
0.08587560690573959,0.14276898793682946,0.00021421414364190816,0.07674205694509535,3.86,0.6,1,489.6
0.09752734932220619,0.1393251112296756,-2.2853856673776818e-07,0.002101087506694859,3.86,0.7,0,474.9
0.10013740182122799,0.14355092887753607,-0.00034824839304725685,0.05367074603760804,3.86,0.7,1,595.0
0.11149514249658665,0.13936963171907912,-5.628786766548322e-07,0.0027747910642229516,3.86,0.8,0,470.9
0.11631839043932235,0.14574714809159062,-0.0002793280339501436,0.05640233271487573,3.86,0.8,1,459.7
0.12538994390682667,0.1393234695180361,-1.1786594058260658e-06,0.0036553180273700956,3.86,0.9,0,479.1
0.12942039894130808,0.14519752344224646,-0.001257372156713732,0.08807136667625544,3.86,0.9,1,485.3
0.13924294120013592,0.13924401771650352,-1.0765163676040856e-06,0.0031096809068189898,3.86,1.0,0,483.4
0.14346138452895474,0.1442433066264499,-0.0007819220974951691,0.10250391356630144,3.86,1.0,1,615.0
0.013798870981596711,0.1379888160973568,-1.0628138969598355e-08,0.005189841438574624,3.9,0.1,0,536.9
0.013391604602265073,0.13391804463664592,-1.9986139952049564e-07,0.008816783252185264,3.9,0.1,1,442.8
0.027628192895422732,0.13814166237211012,-1.3957899929264994e-07,0.005882882424643906,3.9,0.2,0,449.6
0.026676464170831915,0.13338724749330844,-9.853278297722312e-07,0.009819184312389179,3.9,0.2,1,471.5
0.04132726394551289,0.13775821697565505,-2.0114718361774475e-07,0.008922209573454548,3.9,0.3,0,474.2
0.0400379770009609,0.13346421984774004,-1.2889533611074033e-06,0.007521118055900847,3.9,0.3,1,501.2
0.05508548792642909,0.13771426627497085,-2.1858355925274964e-07,0.005389437691860474,3.9,0.4,0,534.7
0.05332410568648083,0.13332123412001806,-4.387961526401696e-06,0.010387930613997625,3.9,0.4,1,441.5
0.06913176307518487,0.13826892994277173,-2.7018962009961456e-06,0.010648379584484582,3.9,0.5,0,459.8
0.06650131846859875,0.1330137544472887,-5.558755045598218e-06,0.009486569945631363,3.9,0.5,1,465.5
0.08291293734856886,0.13819376696437224,-3.3228300544835276e-06,0.009460340242181939,3.9,0.6,0,472.6
0.08000852796540503,0.1333625054807932,-8.97532307088389e-06,0.009716942514088552,3.9,0.6,1,509.9
0.0964865080560946,0.13784399315538032,-4.287152671617056e-06,0.008818280613673768,3.9,0.7,0,512.4
0.09371490907942981,0.13389785440146262,-1.3589001594024874e-05,0.010135223048293828,3.9,0.7,1,459.3
0.11034644016235173,0.13793497657522202,-1.5410978258939556e-06,0.011331757935512084,3.9,0.8,0,459.2
0.10656807577410543,0.13323559748173075,-2.0402211279177407e-05,0.01132632952419205,3.9,0.8,1,455.8
0.12405800317383608,0.1379008645590094,-5.2774929272386695e-05,0.027687104341160475,3.9,0.9,0,461.4
0.12054750997509256,0.13399165099176358,-4.497591749466623e-05,0.015076773286704231,3.9,0.9,1,494.6
0.13822347697107595,0.13823208035994838,-8.603388872430173e-06,0.016488414931025572,3.9,1.0,0,516.9
0.13390382634110587,0.13403161763552518,-0.00012779129441931047,0.02214551488169949,3.9,1.0,1,473.4
0.013270319257609797,0.1327780981280302,-7.490555193223614e-06,0.05710310948506547,3.95,0.1,0,480.9
0.013617321659663228,0.13615182836372952,2.1388232902749826e-06,0.03429397005875553,3.95,0.1,1,469.4
0.026654916387364613,0.13345188251301288,-3.546011523796258e-05,0.05956632452108773,3.95,0.2,0,489.1
0.02726620273960001,0.13629334665330717,7.533408938574515e-06,0.03793715115888528,3.95,0.2,1,516.4
0.03985981305818864,0.13308444111877904,-6.551927744506691e-05,0.05283843716723207,3.95,0.3,0,524.4
0.04083813069337472,0.1360996166087407,8.245710752509405e-06,0.03176335110339884,3.95,0.3,1,479.9
0.05325584024619534,0.13362979220721272,-0.00019607663668974595,0.07300675752597609,3.95,0.4,0,484.8
0.054913656971313785,0.1372340546764157,2.00351007475022e-05,0.03577446964994086,3.95,0.4,1,480.0
0.06600794005867439,0.1328408963199692,-0.0004125081013102161,0.09338693948467698,3.95,0.5,0,499.4
0.06850637769516776,0.1369015615977105,5.55968963125153e-05,0.039062340637676836,3.95,0.5,1,516.6
0.07996051736859577,0.1340424898538295,-0.00046497654370192265,0.08093364179230152,3.95,0.6,0,525.0
0.0826020692253433,0.13739838269277804,0.00016303960967647968,0.04758181668883526,3.95,0.6,1,493.7
0.09258493419928193,0.13334709931731403,-0.0007580353228378856,0.08439542256771727,3.95,0.7,0,495.5
0.09585766352199698,0.13669203727040014,0.00017323743271689673,0.06092362103136563,3.95,0.7,1,487.6
0.10545245873761377,0.13468013829638714,-0.0022916518994959417,0.12413785146333034,3.95,0.8,0,514.8
0.10926168871309994,0.13601144827533673,0.00045253009283054146,0.06591086881196105,3.95,0.8,1,543.4
0.11790356841526606,0.134428133457833,-0.0030817516967836384,0.1368881306132129,3.95,0.9,0,541.7
0.12285662310642742,0.13547862406696076,0.0009258614461627318,0.08545728631682901,3.95,0.9,1,501.3
0.12989484698876552,0.13287127605442883,-0.0029764290656633108,0.13694718509704223,3.95,1.0,0,505.1
0.13708817739417078,0.13433193522443787,0.0027562421697329142,0.11957937180823099,3.95,1.0,1,504.6
0.012530814623293418,0.12540899130928906,-1.0084507635489681e-05,0.09377280251566435,4.0,0.1,0,515.7
0.01181851236495024,0.11823842615733149,-5.330250782909635e-06,0.1004845621866482,4.0,0.1,1,566.5
0.025248445588530233,0.12623703579204282,1.0384301216692648e-06,0.09461181568572466,4.0,0.2,0,549.0
0.023793682690157247,0.11910308910500511,-2.693513084377555e-05,0.11533892070842247,4.0,0.2,1,514.7
0.03814523115452806,0.12768171232290548,-0.0001592825423435834,0.10760154550608145,4.0,0.3,0,513.3
0.035885207780819606,0.11965286035326805,-1.0650325160808938e-05,0.10776716915180375,4.0,0.3,1,513.9
0.051164125987739784,0.12841166830443385,-0.0002005413340337575,0.11973917431262965,4.0,0.4,0,538.8
0.047479229553770264,0.11906587423771597,-0.00014712014131612605,0.0984269038607812,4.0,0.4,1,567.7
0.06346082353510152,0.12763100828679974,-0.00035468060829835224,0.1335515170261403,4.0,0.5,0,537.7
0.05948715202797494,0.11799904444466769,0.0004876298056410988,0.1691523597086957,4.0,0.5,1,513.8
0.07528260324569036,0.1267854605027292,-0.0007886730559471672,0.13501452216209295,4.0,0.6,0,519.0
0.07012531997273097,0.11741221930593149,-0.0003220116108279131,0.15823954397261172,4.0,0.6,1,521.1
0.08830564858239498,0.12358404022713643,0.0017968204233994867,0.16918899310796923,4.0,0.7,0,560.6
0.08121789183640704,0.11678316552428925,-0.0005303240305954277,0.18480224117894725,4.0,0.7,1,551.6
0.10213039010479896,0.13044656553593015,-0.0022268623239451585,0.14299596670741324,4.0,0.8,0,534.7
0.09638389948802573,0.12086448497829849,-0.0003076884946130731,0.16703181430490563,4.0,0.8,1,513.7
0.11123692619539671,0.12865472934043787,-0.004552330210997366,0.18528118701121057,4.0,0.9,0,527.1
0.10613566237402594,0.12306165297444238,-0.004619825302972211,0.1814253118312968,4.0,0.9,1,534.1
0.12719421906392903,0.12804839980131266,-0.0008541807373836363,0.17268356250768355,4.0,1.0,0,554.8
0.11685194968528378,0.12152230537781339,-0.004670355692529604,0.17288234821997134,4.0,1.0,1,564.2
0.011766898845313123,0.11773965479012283,-7.066633699160871e-06,0.06006328066306959,4.05,0.1,0,538.3
0.011863932704916369,0.1187086009642524,-6.927391508870784e-06,0.08280071757661447,4.05,0.1,1,544.4
0.023444463476034905,0.11738347024888895,-3.223057374288768e-05,0.06047262675209603,4.05,0.2,0,522.7
0.02375258385488288,0.1189170291894559,-3.082198300830008e-05,0.0935375162749782,4.05,0.2,1,478.5
0.03533265914907391,0.11809447901818615,-9.568455638193224e-05,0.06681795075781272,4.05,0.3,0,492.0
0.035334736913728904,0.1180045987000895,-6.664269629794856e-05,0.10176777047521209,4.05,0.3,1,550.9
0.04653654796931539,0.11675104371552969,-0.00016386951689648793,0.07485312483011891,4.05,0.4,0,548.8
0.047616172788529365,0.11907310897878176,-1.3070802983343455e-05,0.13195156753304457,4.05,0.4,1,557.4
0.058772869739250666,0.1182761189902255,-0.00036518975586208313,0.10095162270467876,4.05,0.5,0,543.3
0.05880626010008516,0.11568036619517663,0.0009660770024968457,0.17414092016814908,4.05,0.5,1,509.3
0.0709206355122527,0.11896268769753249,-0.0004569771062667982,0.10375651570185443,4.05,0.6,0,513.9
0.07182338254297527,0.11706889621123118,0.0015820448162365691,0.17866277821029633,4.05,0.6,1,604.2
0.08289270553189088,0.12067504419075448,-0.0015798254016372582,0.12299464103293775,4.05,0.7,0,543.1
0.08382905776497473,0.11469145434381645,0.0035450397243032283,0.19601454742924296,4.05,0.7,1,562.8
0.09438309783730325,0.12114916328826908,-0.0025362327933120127,0.14251256378764965,4.05,0.8,0,544.9
0.09599340849190252,0.11608196348714195,0.003127837702188954,0.1913644760630103,4.05,0.8,1,512.3
0.10236572936422395,0.11733844776056124,-0.003238873620281177,0.16898856384137453,4.05,0.9,0,524.7
0.10538321275160545,0.11822548450413883,-0.0010197233021195101,0.1705461960165652,4.05,0.9,1,617.1
nan,nan,nan,0.03971609984563061,4.05,1.0,0,469.4
nan,nan,nan,0.0499104317424959,4.05,1.0,1,500.7
0.010749550166506694,0.10692803417494012,5.674674901268162e-05,0.1596005913971386,4.1,0.1,0,558.7
0.010562535781532656,0.10513003389339204,4.953239219345103e-05,0.1380178708612069,4.1,0.1,1,512.5
0.021464828684033765,0.10408811581191202,0.0006472055216513589,0.1936668874481765,4.1,0.2,0,537.0
0.0210875672627151,0.10457294073651191,0.00017297911541271777,0.14289025082899345,4.1,0.2,1,617.8
0.03167828668419803,0.10220492993202157,0.0010168077045915602,0.20109542546673462,4.1,0.3,0,535.7
0.03147897323997695,0.10326503739952031,0.0004994620201208555,0.16655082281626693,4.1,0.3,1,546.8
0.04374784766185691,0.09738018867647824,0.004795772191265611,0.22962122869440177,4.1,0.4,0,538.0
0.043161131827820665,0.1028769006859509,0.0020103715534403044,0.19433194505742316,4.1,0.4,1,503.4
0.05451647731316811,0.0985321480018051,0.005250403312265561,0.24954346687761075,4.1,0.5,0,548.4
0.05300342840335226,0.0993623818170466,0.0033222374948289612,0.2332913727361838,4.1,0.5,1,627.8
0.061229451829982295,0.09473461664423333,0.0043886818434423006,0.2293454703646607,4.1,0.6,0,577.3
0.06224779907874023,0.098312276014628,0.0032604334699634363,0.2142828984456777,4.1,0.6,1,553.9
-0.07710871522723561,-0.017713479381461283,-0.06470927966021271,0.1834165904666172,4.1,0.7,0,484.4
0.07180792749706466,0.10430076525279297,-0.001202608179890416,0.2140037508792071,4.1,0.7,1,516.0
0.00580851419865791,0.04871222561976385,-0.03316126629715317,0.18602828122445403,4.1,0.8,0,521.2
nan,nan,nan,0.04529059720933761,4.1,0.8,1,552.2
nan,nan,nan,0.04052512700658003,4.1,0.9,0,500.6
nan,nan,nan,0.04594196078900387,4.1,0.9,1,475.4
nan,nan,nan,0.03783411510085268,4.1,1.0,0,455.7
nan,nan,nan,0.03721930169183576,4.1,1.0,1,445.5
0.010848730190393563,0.10861652067279692,-1.2921876886130487e-05,0.10825120523810071,4.15,0.1,0,523.6
0.009660821654388418,0.09647595041304058,1.3226613084359184e-05,0.15248243251240073,4.15,0.1,1,617.1
0.021683912034591524,0.10865141442974391,-4.6370851357259435e-05,0.11545114572163566,4.15,0.2,0,568.0
0.01884615643704257,0.09353685369534048,0.00013878569797447574,0.1706582711548769,4.15,0.2,1,564.3
0.032039519497054414,0.10709786380507325,-8.983964446755699e-05,0.14061457908965924,4.15,0.3,0,516.6
0.028867521167554422,0.0936599973457195,0.0007695219638385702,0.19405612545490283,4.15,0.3,1,542.6
0.04332535927695247,0.1072256798347464,0.0004350873430539054,0.1799334988474107,4.15,0.4,0,618.9
0.03727505491270655,0.08736608600105811,0.0023286205122833095,0.23293596091992097,4.15,0.4,1,579.7
0.05568022965026387,0.09926882418775662,0.006045817556385558,0.2336313847426672,4.15,0.5,0,585.2
0.042651232896568025,0.08174807682330076,0.0017771944849176435,0.24638275551681732,4.15,0.5,1,584.8
nan,nan,nan,0.07891732915393984,4.15,0.6,0,480.2
0.05530383317990317,0.09466618058228526,-0.001495875169467982,0.2387917231342381,4.15,0.6,1,560.6
nan,nan,nan,0.05741406125582535,4.15,0.7,0,566.3
0.06303539655597135,0.09137088527314674,-0.0009242231352313696,0.21439798954503522,4.15,0.7,1,583.6
0.07971953343522298,0.10433660555357349,-0.003749751007635818,0.21057119636782176,4.15,0.8,0,583.8
0.059629108448601365,0.081489317158292,-0.0055623452780322324,0.18714265157656215,4.15,0.8,1,564.7
nan,nan,nan,0.050025172225335514,4.15,0.9,0,469.2
nan,nan,nan,0.05292240664058527,4.15,0.9,1,491.9
nan,nan,nan,0.05045811779716887,4.15,1.0,0,564.4
nan,nan,nan,0.039178945646289466,4.15,1.0,1,515.0
0.009787784932980381,0.09808760174015951,-2.0975241035571177e-05,0.12465487201753168,4.2,0.1,0,601.2
0.009696389060684152,0.09685515399678124,1.0873661006027477e-05,0.16452312564662902,4.2,0.1,1,458.4
0.019726611239984537,0.09891632340418077,-5.665344085161936e-05,0.1556845723886156,4.2,0.2,0,442.7
0.01955967727158514,0.09669436047884439,0.00022080517581626186,0.19507114651040713,4.2,0.2,1,422.9
0.027986418232237575,0.07691758828038253,0.004911141748122818,0.2775868523875686,4.2,0.3,0,450.0
0.031248017609730283,0.07734257293640034,0.008045245728810182,0.2655654081514608,4.2,0.3,1,396.8
0.03671604465110834,0.0806993319491891,0.004436311871432695,0.2531496573928251,4.2,0.4,0,595.8
0.03723547990594955,0.08384133028261331,0.0036989477929042294,0.25680345416949585,4.2,0.4,1,462.0
0.044459222029203715,0.08821424178041148,0.00035210113899797335,0.24761352139179918,4.2,0.5,0,467.3
nan,nan,nan,0.07594312134502125,4.2,0.5,1,392.0
nan,nan,nan,0.055130632476230367,4.2,0.6,0,369.6
nan,nan,nan,0.061323904378031736,4.2,0.6,1,359.6
nan,nan,nan,0.05390579551368706,4.2,0.7,0,509.3
nan,nan,nan,0.050704968245237264,4.2,0.7,1,393.1
nan,nan,nan,0.04863932683116318,4.2,0.8,0,395.7
nan,nan,nan,0.0625873931154403,4.2,0.8,1,375.6
nan,nan,nan,0.05675131997173327,4.2,0.9,0,382.5
nan,nan,nan,0.033012906297128976,4.2,0.9,1,343.2
nan,nan,nan,0.03919948930228803,4.2,1.0,0,509.9
nan,nan,nan,0.03512507136465746,4.2,1.0,1,392.2
0.007823053463087981,0.0781457055709911,8.482905988871359e-06,0.1517761281296065,4.25,0.1,0,451.8
0.008503049339987245,0.08529591919273116,-2.6542579285871934e-05,0.12856549831581104,4.25,0.1,1,431.0
0.015438728831498105,0.07658680857470834,0.00012136711655643534,0.17767178631173358,4.25,0.2,0,414.7
0.016924820458075862,0.08506205912381049,-8.75913666862349e-05,0.14679531277165347,4.25,0.2,1,387.3
0.018951302683996474,-0.43341238713855645,0.1489750188255634,0.12146381934735018,4.25,0.3,0,513.1
0.02077034194608851,0.06991376376395664,-0.00020378718309848123,0.27518757110408276,4.25,0.3,1,480.4
nan,nan,nan,0.0813351083155199,4.25,0.4,0,397.2
nan,nan,nan,0.09605356389261795,4.25,0.4,1,402.8
nan,nan,nan,0.06696493972013105,4.25,0.5,0,365.1
nan,nan,nan,0.05925605060652289,4.25,0.5,1,350.2
nan,nan,nan,0.0525468353773891,4.25,0.6,0,455.8
nan,nan,nan,0.07377571310390445,4.25,0.6,1,423.1
nan,nan,nan,0.05924331553727552,4.25,0.7,0,397.3
nan,nan,nan,0.04717317828367139,4.25,0.7,1,395.5
nan,nan,nan,0.040815425186349424,4.25,0.8,0,361.9
nan,nan,nan,0.051839265971985966,4.25,0.8,1,352.5
nan,nan,nan,0.04276698505295349,4.25,0.9,0,455.4
nan,nan,nan,0.045032350336516064,4.25,0.9,1,420.2
nan,nan,nan,0.038153311251147154,4.25,1.0,0,392.5
nan,nan,nan,0.03817000904313271,4.25,1.0,1,394.8
