F,s,Sigma,spread,dead,alpha,m,seed,sec
0.04634503006026103,0.11603479470576161,-6.888782204361732e-05,0.08796809872126767,0.0,4.0,0.4,2,484.2
0.05074858294542128,0.12696453254119078,-3.7230071055029124e-05,0.09895995118506179,0.0,4.0,0.4,3,442.4
0.052335044111560425,0.12604590511170777,0.0019166820668773121,0.1695831381899358,0.0,4.0,0.4,4,436.1
0.0693729848211957,0.11592108047089233,-0.00017966346133969913,0.12613236005095185,0.0,4.0,0.6,2,436.1
0.07767921627619323,0.12904737423171753,0.00025079173716271996,0.12087973212994592,0.0,4.0,0.6,3,510.4
0.08089929822241793,0.11785653963184117,0.01018537444331323,0.2100167372502822,0.0,4.0,0.6,4,458.0
0.0947129393847943,0.11749370071929555,0.0007179788093578665,0.15917560361915414,0.0,4.0,0.8,2,446.6
0.10291272825515119,0.12685457761545038,0.0014290661627908707,0.14751173672238305,0.0,4.0,0.8,3,440.9
0.10144946097926599,0.1106874315425932,0.012899515745191437,0.200577469584465,0.0,4.0,0.8,4,458.0
0.04696405895060529,0.1183385660424161,-0.0003713674663611555,0.10832122324805862,0.0,4.05,0.4,2,442.8
0.04634818353254744,0.11513042291404041,0.00029601436693127425,0.1555579634964138,0.0,4.05,0.4,3,454.5
0.049073894543556484,0.11990557918444011,0.0011116628697804345,0.1790851721946745,0.0,4.05,0.4,4,449.5
0.06933251913302652,0.11717349653490672,-0.0009715787879175097,0.1418678983261952,0.0,4.05,0.6,2,498.6
0.07289538977146925,0.11364046501583935,0.004711110761965648,0.21858670106270536,0.0,4.05,0.6,3,451.0
0.07263291178930942,0.10812506998243165,0.007757869799850423,0.21932477810868597,0.0,4.05,0.6,4,508.3
0.09478094854209829,0.12141681809382554,-0.0023525059329621567,0.15089489116176807,0.0,4.05,0.8,2,443.9
0.08651829709832626,0.1051651423337594,0.002386183231318728,0.2126509042020042,0.0,4.05,0.8,3,484.8
0.0971842637204059,0.10574964024268407,0.012584551526258633,0.20030297126998697,0.0,4.05,0.8,4,444.2
0.04237483050152502,0.10497325664618096,0.00038552784305263127,0.16913437622538516,0.0,4.1,0.4,2,450.5
0.04722079426142667,0.11849767537417755,-0.00017827588824435164,0.14999580182427075,0.0,4.1,0.4,3,455.7
0.04657057008318555,0.11499235947611552,0.0005736262927393335,0.15425265921589174,0.0,4.1,0.4,4,462.7
0.06261236851983298,0.10243008089913808,0.0011543199803501422,0.21930733390855955,0.0,4.1,0.6,2,456.2
0.15469069256733192,0.008682512765521011,0.14948118490801932,0.07156465551343111,0.0,4.1,0.6,3,425.7
0.0705171861825944,0.10625038000829612,0.00676695817761673,0.2245393485626924,0.0,4.1,0.6,4,464.7
0.3096747504566011,-0.059400423710027184,0.35719508942462286,0.04835164777659203,1.5e-05,4.1,0.8,2,429.3
0.0910612265148929,0.10630820603686697,0.006014661685399325,0.20150039616466076,0.0,4.1,0.8,3,459.9
0.08776527360761399,0.10691337475559415,0.0022345738031386703,0.20275534249343308,0.0,4.1,0.8,4,484.1
0.03684594774789707,0.07800790244459677,0.005642786770058361,0.2527209505204239,0.0,4.15,0.4,2,447.2
0.023459731940680406,0.07600915903836736,-0.006943931674666538,0.2529670363541869,0.0,4.15,0.4,3,447.5
0.033044453087399894,0.07744241683239217,0.002067486354443024,0.2571003022097616,0.0,4.15,0.4,4,473.4
0.05210765177425447,0.08815553303675472,-0.0007856680477983588,0.2333527161813002,0.0,4.15,0.6,2,496.7
0.4586943670566743,-0.1908310281012362,0.573192983917416,0.05907632450583986,5.6666666666666664e-05,4.15,0.6,3,407.2
0.20407196100033076,-0.28719640478580644,0.37638980387181464,0.056007427951178086,2.1666666666666667e-05,4.15,0.6,4,375.3
0.3721697130432169,-0.08669507355658723,0.4415257718884867,0.041476752783406706,3.6666666666666666e-05,4.15,0.8,2,329.0
0.5025381380187568,-0.3527135740742011,0.7847089972781177,0.042006716496243185,0.000105,4.15,0.8,3,366.1
0.37243032827751676,-0.14595463688779908,0.48919403778775605,0.04482084180260306,2.3333333333333332e-05,4.15,0.8,4,333.1
0.1658736740056863,-0.09149596953493777,0.20247206181966143,0.08237194310261432,3.3333333333333333e-06,4.2,0.4,2,399.8
0.0324128679198159,0.07534930091146386,0.002273147555230358,0.2587702407111866,0.0,4.2,0.4,3,383.2
0.03567920586635687,0.08120854409143696,0.0031957882297820803,0.25451994130531136,0.0,4.2,0.4,4,445.3
0.18856589851920802,-0.06280197830406031,0.2262470855016442,0.06209080231233724,7.5e-06,4.2,0.6,2,320.5
0.18694056723175656,-0.4158827940453129,0.43647024365894427,0.06208836624274973,1.5e-05,4.2,0.6,3,389.8
0.05459937806655635,0.08993316541351071,0.0006394788184499248,0.22084969972868151,0.0,4.2,0.6,4,373.9
0.30847662581171953,-0.03444659312765452,0.33603390031384317,0.04947549494841009,1.5e-05,4.2,0.8,2,383.4
0.33997050415145225,-0.22423851622074942,0.5193613171280518,0.04542373302735663,3.0833333333333335e-05,4.2,0.8,3,315.0
0.4447074161084714,-0.06924418155507439,0.500102761352531,0.03264276897473272,5.1666666666666664e-05,4.2,0.8,4,374.2
