F,s,Sigma,spread,dead,alpha,m,seed,k,sec
0.01580766745994655,0.07903833729974963,-3.3757718842508666e-15,3.6998364792917037e-14,0.0,9.2,0.2,0,4,408.2
0.03161533492104596,0.0790383373025989,6.390721285498557e-15,1.4971125280197572e-11,0.0,9.2,0.4,0,4,428.6
0.047423002379774815,0.0790383372996537,-1.7409684804903236e-14,7.716288374912154e-13,0.0,9.2,0.6,0,4,440.7
0.06323066983980397,0.07903833729979226,-2.9851121574608896e-14,1.382453030736449e-12,0.0,9.2,0.8,0,4,405.7
2.14397755655488,-0.2070912943564167,2.3510688509112967,0.03389107536824361,0.0,9.2,1.0,0,4,392.8
0.01654808435556987,0.08274042177781027,7.816663982751493e-15,1.978515518338625e-12,0.0,9.45,0.2,0,4,453.8
0.03309616871121435,0.08274042177801633,7.813194535799539e-15,9.630209447251291e-12,0.0,9.45,0.4,0,4,428.3
0.049644164690862524,0.08274027445825638,1.5908697970079544e-11,1.3746577990974913e-05,0.0,9.45,0.6,0,4,427.4
0.06619233744750375,0.08274042180941521,-2.842170943040401e-14,7.826621529297556e-10,0.0,9.45,0.8,0,4,421.3
0.08274042017323424,0.08274042017321648,1.7763568394002505e-14,4.5242583136477184e-08,0.0,9.45,1.0,0,4,427.5
0.014323823921673196,0.07161911960834999,3.1970953662252555e-15,8.961363053227346e-10,0.0,9.65,0.2,0,4,428.6
-0.4419430673040381,-0.15239883680381183,-0.3809835325825134,0.2246978152001504,0.0,9.65,0.4,0,4,427.1
-1.0578796302864077,-0.30264897478493324,-0.8762902454154478,0.192273747086773,0.0,9.65,0.6,0,4,434.0
0.0573650306175324,0.07170495770816743,1.064450998455868e-06,0.0010815550224742433,0.0,9.65,0.8,0,4,432.4
0.02441916414360179,0.034360577344404675,-0.009941413200802884,0.18087559014432925,0.0,9.65,1.0,0,4,483.0
0.009357851674593576,0.04678925837297854,-2.131975151975496e-15,2.4728053297843767e-07,0.0,9.9,0.2,0,4,443.3
-0.06716988916878996,-0.006707166778475937,-0.0644870224573996,0.23303819562626,0.0,9.9,0.4,0,4,440.4
0.004569994603045302,0.019784828740235127,-0.007300902641095773,0.22169244731570012,0.0,9.9,0.6,0,4,468.3
0.01580098377355199,0.029573541938862746,-0.007857849777538208,0.20017446345664727,0.0,9.9,0.8,0,4,484.0
0.02545540037507621,0.03382028715630625,-0.008364886781230041,0.18780072551595217,0.0,9.9,1.0,0,4,490.1
