network,k,n,phi,giant,sec
Collins yeast,0,1004,0.4651394422310757,nan,0.0
Collins yeast,1,1004,0.8930240448717438,0.8930240448717438,1.4
Collins yeast,2,2008,0.892892868539137,0.892892868539137,4.1
Collins yeast,4,4016,0.8932195752107855,0.8932195752107855,11.7
Collins yeast,8,8032,0.8892443615765915,0.8892443615765915,33.5
Yeast (Y2H),0,1458,0.17969821673525377,nan,0.0
Yeast (Y2H),1,1458,0.2562374342058464,0.2562374342058464,0.1
Yeast (Y2H),2,2916,0.20468971187496288,0.20468971187496288,0.2
Yeast (Y2H),4,5832,0.1601352465604494,0.1598110554173514,0.4
Yeast (Y2H),8,11664,0.12002084227273897,0.12002084227273897,0.8
Human (Vidal),0,2783,0.49227452389507725,nan,0.0
Human (Vidal),1,2783,0.5280175985928356,0.5280175985928356,0.6
Human (Vidal),2,5566,0.4833603241726889,0.4833603241726889,1.4
Human (Vidal),4,11132,0.4423423525896773,0.4423423525896773,3.3
Human (Vidal),8,22264,0.38833871120378366,0.38833871120378366,7.9
Human (Stelzl),0,1615,0.38823529411764707,nan,0.0
Human (Stelzl),1,1615,0.45644201933763506,0.45644201933763506,0.3
Human (Stelzl),2,3230,0.4364415967179922,0.4364415967179922,0.7
Human (Stelzl),4,6460,0.4133187307386521,0.4133187307386521,1.7
Human (Stelzl),8,12920,0.37710690380061834,0.37710690380061834,3.5
Human (Figeys),0,2217,0.516914749661705,nan,0.0
Human (Figeys),1,2217,0.5241003540840182,0.5241003540840182,1.5
Human (Figeys),2,4434,0.5251552515857997,0.5251552515857997,3.8
Human (Figeys),4,8868,0.5327385208262329,0.5327385208262329,10.7
Human (Figeys),8,17736,0.523135484411236,0.523135484411236,27.1
PDZ domains,0,161,0.35403726708074534,nan,0.0
PDZ domains,1,161,0.3513672368714385,0.3513672368714385,0.0
PDZ domains,2,322,0.28785283344106877,0.28785283344106877,0.0
PDZ domains,4,644,0.2687375915224017,0.2687375915224017,0.0
PDZ domains,8,1288,0.233607570732858,0.233607570732858,0.1
C. elegans WI8,0,2214,0.2863595302619693,nan,0.0
C. elegans WI8,1,2214,0.36915711402536644,0.36915711402536644,0.3
C. elegans WI8,2,4428,0.34372252497911376,0.34372252497911376,0.6
C. elegans WI8,4,8856,0.31009911633642,0.31009911633642,1.4
C. elegans WI8,8,17712,0.272688421965583,0.272688421965583,3.4
C. elegans 2007,0,1108,0.22653429602888087,nan,0.0
C. elegans 2007,1,1108,0.29778011322235304,0.29778011322235304,0.1
C. elegans 2007,2,2216,0.27660460271978016,0.27660460271978016,0.2
C. elegans 2007,4,4432,0.25642207677984447,0.25642207677984447,0.4
C. elegans 2007,8,8864,0.23198633165405624,0.23198633165405624,1.0
Power grid,0,4941,0.2859744990892532,nan,0.0
Power grid,1,4941,0.021624737982038362,0.004125165366192036,0.2
Power grid,2,9882,0.013291253175767301,0.0023844164535353606,0.5
Power grid,4,19764,0.006849675347449715,0.0007201900231968645,1.1
Power grid,8,39528,0.0033500232039952106,0.00024556476701353275,2.4
Euroroad,0,1039,0.25601539942252166,nan,0.0
Euroroad,1,1039,0.02375306198325064,0.006170937632851659,0.1
Euroroad,2,2078,0.00914623361719425,0.003754837075362129,0.1
Euroroad,4,4156,0.009221051905632802,0.0015501330444619452,0.2
Euroroad,8,8312,0.0029257691791594754,0.0006093382561105981,0.3
Co-authorship,0,379,0.07651715039577836,nan,0.0
Co-authorship,1,379,0.7729779890336302,0.7729779890336302,0.0
Co-authorship,2,758,0.701821804249016,0.701821804249016,0.1
Co-authorship,4,1516,0.6113182112898875,0.6113182112898875,0.2
Co-authorship,8,3032,0.5043049951957054,0.5043049951957054,0.4
Les Mis. scenes,0,77,0.3116883116883117,nan,0.0
Les Mis. scenes,1,77,0.7467243867243867,0.7467243867243867,0.0
Les Mis. scenes,2,154,0.7516415351985822,0.7516415351985822,0.0
Les Mis. scenes,4,308,0.7566074276600592,0.7566074276600592,0.1
Les Mis. scenes,8,616,0.7486409996262081,0.7486409996262081,0.1
Jazz bands,0,198,0.9090909090909091,nan,0.0
Jazz bands,1,198,0.9713804713804715,0.9713804713804715,0.3
Jazz bands,2,396,0.9739057239057237,0.9739057239057237,0.7
Jazz bands,4,792,0.9739057239057239,0.9739057239057239,2.2
Jazz bands,8,1584,0.9745269275136531,0.9745269275136531,6.4
Football,0,115,1.0,nan,0.0
Football,1,115,1.0,1.0,0.0
Football,2,230,1.0,1.0,0.1
Football,4,460,1.0,1.0,0.2
Football,8,920,1.0,1.0,0.4
Facebook,0,329,0.723404255319149,nan,0.0
Facebook,1,329,0.922998986828774,0.922998986828774,0.1
Facebook,2,658,0.9214066399782538,0.9214066399782538,0.4
Facebook,4,1316,0.9207193515704155,0.9207193515704155,1.1
Facebook,8,2632,0.9166246439636122,0.9166246439636122,3.2
Hospital contacts,0,75,1.0,nan,0.0
Hospital contacts,1,75,1.0,1.0,0.1
Hospital contacts,2,150,1.0,1.0,0.2
Hospital contacts,4,300,1.0,1.0,0.5
Hospital contacts,8,600,1.0,1.0,1.5
