network,key,family,kbar,transitivity,n,m,chordal,ncliques,maxclique,residue,giant,island,ncomp,phi_wheel,giant_wheel,island_wheel,phi_short,giant_short,island_short,merged,merged_mean,phi_short_ctrl,giant_short_ctrl,transitivity_ctrl,sec
Collins yeast,collins_yeast__collins_yeast,grouped,16.57171314741036,0.617167692864904,1004,8319,0,4573,33,0.5667330677290837,0.5667330677290837,569.0,1,0.30677290836653387,0.25199203187250996,212.1818181818182,0.4651394422310757,0.4591633466135458,455.1541755888651,0.5727091633466136,271.6456820016142,0.8923451900978918,0.8923451900978918,0.0696990891392881,7.6
Yeast (Y2H),interactome_yeast__interactome_yeast,dyadic,2.672153635116598,0.05177613941018767,1458,1948,0,1708,6,0.3381344307270233,0.3381344307270233,493.0,1,0.00205761316872428,0.0006858710562414266,1.0,0.17969821673525377,0.17969821673525377,262.0,0.010973936899862825,2.3301914580265097,0.252892943279081,0.252892943279081,0.007145925044931207,0.3
Human (Vidal),interactome_vidal__interactome_vidal,dyadic,4.316924182536831,0.03538835935915636,2783,6007,0,5018,7,0.5864175350341359,0.5864175350341359,1632.0,1,0.022996766079770033,0.022278117139777218,60.09375,0.49227452389507725,0.49227452389507725,1370.0,0.16708587854832915,27.35469483568075,0.5257408334898257,0.5257408334898257,0.013293287207153276,2.2
Human (Stelzl),interactome_stelzl__interactome_stelzl,dyadic,3.846439628482972,0.005770964833183048,1615,3106,0,2987,4,0.5003095975232198,0.5003095975232198,808.0,1,0.0018575851393188853,0.0018575851393188853,3.0,0.38823529411764707,0.3851393188854489,617.0797448165869,0.04024767801857585,2.724604966139955,0.4571992397530993,0.4571992397530993,0.027599251674510196,1.0
Human (Figeys),interactome_figeys__interactome_figeys,grouped,5.789806044203879,0.0076065940775414675,2217,6418,0,5793,5,0.5313486693730266,0.5313486693730266,1178.0,1,0.013531799729364006,0.011727559765448805,22.866666666666667,0.516914749661705,0.516914749661705,1146.0,0.18267929634641408,20.86842105263158,0.5262260055329357,0.5262260055329357,0.059475592336538874,4.4
PDZ domains,interactome_pdz__interactome_pdz,dyadic,2.5962732919254656,0.002944062806673209,161,209,0,207,3,0.4472049689440994,0.4472049689440994,72.0,1,0.0,0.0,0.0,0.35403726708074534,0.3105590062111801,44.719298245614034,0.018633540372670808,2.0072289156626506,0.34599796872906113,0.34599796872906113,0.04112023433097399,0.0
C. elegans WI8,celegans_interactomes__WI8,dyadic,3.196025293586269,0.01988096745599595,2214,3538,0,3274,5,0.4078590785907859,0.4078590785907859,903.0,1,0.01038843721770551,0.005871725383920506,10.91304347826087,0.2863595302619693,0.2863595302619693,634.0,0.07226738934056007,6.232407253368824,0.3641220073889987,0.3641220073889987,0.017888710120933425,0.9
C. elegans 2007,celegans_interactomes__wi2007,dyadic,2.707581227436823,0.016605839416058393,1108,1500,0,1407,4,0.30866425992779783,0.30866425992779783,342.0,1,0.002707581227436823,0.0018050541516245488,1.6666666666666667,0.22653429602888087,0.22653429602888087,251.0,0.03700361010830325,2.6552988632196555,0.3057371719912664,0.3057371719912664,0.02396555614926093,0.3
Power grid,power__power,dyadic,2.66909532483303,0.10315322452860086,4941,6594,0,5687,6,0.6077717061323619,0.6077717061323619,3003.0,1,0.0014167172637117992,0.0006071645415907711,1.8571428571428572,0.2859744990892532,0.0744788504351346,187.24486907289455,0.012143290831815421,2.4796945505032975,0.022421992769597787,0.004238312770859983,0.0006681959845288874,0.9
Euroroad,euroroad__euroroad,dyadic,2.512030798845043,0.03525523319867793,1039,1305,0,1244,3,0.7006737247353224,0.7006737247353224,728.0,1,0.0,0.0,0.0,0.25601539942252166,0.10490856592877768,70.76691729323308,0.0038498556304138597,2.0405727923627683,0.02298598388971421,0.006224211963282701,0.0015525778541730785,0.2
Co-authorship,netscience,grouped,4.823218997361478,0.4305750350631136,379,914,0,203,9,0.12928759894459102,0.12928759894459102,49.0,1,0.0,0.0,0.0,0.07651715039577836,0.047493403693931395,15.344827586206897,0.13984168865435356,14.834368530020704,0.7730216219162204,0.7730216219162204,0.02688979479011781,0.2
Les Mis. scenes,lesmis,grouped,6.597402597402597,0.49893162393162394,77,254,0,59,10,0.3116883116883117,0.3116883116883117,24.0,1,0.11688311688311688,0.11688311688311688,9.0,0.3116883116883117,0.3116883116883117,24.0,0.6753246753246753,27.349514563106798,0.7505454545454546,0.7505454545454546,0.17439890161172839,0.0
Jazz bands,jazz_collab,grouped,27.696969696969695,0.5202592721776538,198,2742,0,746,30,0.9090909090909091,0.9090909090909091,180.0,1,0.7575757575757576,0.7575757575757576,150.0,0.9090909090909091,0.9090909090909091,180.0,0.9545454545454546,171.14354066985646,0.9717171717171718,0.9717171717171718,0.20494955875416462,1.4
Football,football,dyadic,10.660869565217391,0.4072398190045249,115,613,0,281,9,1.0,1.0,115.0,1,0.6173913043478261,0.6173913043478261,71.0,1.0,1.0,115.0,1.0,115.0,1.0,1.0,0.07779278081220349,0.1
Facebook,facebook_friends,dyadic,11.878419452887538,0.5120611357976463,329,1954,0,684,14,0.7507598784194529,0.7507598784194529,247.0,1,0.44680851063829785,0.44680851063829785,147.0,0.723404255319149,0.723404255319149,238.0,0.7963525835866262,179.87792207792208,0.919756838905775,0.919756838905775,0.0926125008872509,0.6
Hospital contacts,sp_hospital,dyadic,30.373333333333335,0.5880037219955623,75,1139,0,970,17,1.0,1.0,75.0,1,0.8933333333333333,0.8933333333333333,67.0,1.0,1.0,75.0,1.0,75.0,1.0,1.0,0.39466995136026317,0.5
